age,gender,study_hours_per_day,social_media_hours,netflix_hours,part_time_job,attendance_percentage,sleep_hours,diet_quality,exercise_frequency,parental_education_level,internet_quality,mental_health_rating,extracurricular_participation,exam_score,study_to_social_ratio,total_distraction_hours,wellbeing_index,performance_label
23,0.0,0.0,1.2,1.1,0,85.0,8.0,1,6,2,1,8,1,56.2,0.0,2.3,2.2,Average (50-64)
20,0.0,6.9,2.8,2.3,0,97.3,4.6,2,6,0,1,8,0,100.0,1.3503,5.1,1.86,Excellent (≥80)
21,1.0,1.4,3.1,1.3,0,94.8,8.0,0,1,0,0,1,0,34.3,0.3175,4.4,1.0,Low (<50)
23,0.0,1.0,3.9,1.0,0,71.0,9.2,0,4,2,2,1,1,29.898,0.2037,4.9,1.42,Low (<50)
19,0.0,5.0,4.4,0.5,0,90.9,4.9,1,3,2,2,1,0,66.4,1.0183,4.9,0.89,Good (65-79)
24,1.0,7.2,1.3,0.0,0,82.9,7.4,1,1,2,1,4,0,100.0,5.4962,1.3,1.24,Excellent (≥80)
21,0.0,5.6,1.5,1.4,1,85.8,6.5,2,2,2,0,4,0,89.8,1.9244,2.9,1.25,Excellent (≥80)
21,0.0,4.3,1.0,2.0,1,77.7,4.6,1,0,1,1,8,0,72.6,1.4286,3.0,1.26,Good (65-79)
23,0.0,4.4,2.2,1.7,0,100.0,7.1,2,3,1,2,1,0,78.9,1.1253,3.9,1.11,Good (65-79)
18,0.0,4.8,3.1,1.3,0,95.4,7.5,2,5,1,2,10,1,100.0,1.0884,4.4,2.25,Excellent (≥80)
19,0.0,4.6,3.7,0.8,0,77.6,5.8,1,1,0,2,3,0,63.3,1.02,4.5,0.98,Average (50-64)
23,1.0,3.9,2.4,2.5,0,71.7,7.9,1,2,1,1,1,0,74.4,0.7943,4.9,1.09,Good (65-79)
19,0.0,3.7,2.1,0.4,1,81.1,4.5,1,1,1,2,9,0,76.9,1.4741,2.5,1.45,Good (65-79)
19,0.0,3.4,2.7,2.7,0,89.3,4.7,1,4,1,2,10,0,75.8,0.6285,5.4,1.87,Good (65-79)
24,1.0,2.4,1.5,0.7,0,87.4,6.7,0,6,1,1,9,0,78.9,1.086,2.2,2.17,Good (65-79)
21,1.0,3.1,5.0,1.0,0,97.5,6.5,2,6,0,1,7,0,74.0,0.5158,6.0,1.95,Good (65-79)
20,1.0,1.0,0.6,0.2,0,92.9,5.6,0,3,0,0,8,1,55.2,1.2346,0.8,1.66,Average (50-64)
24,0.0,3.4,2.7,1.2,0,94.7,7.5,0,0,0,1,1,1,70.8,0.8696,3.9,0.85,Good (65-79)
24,,2.0,4.9,2.9,1,88.3,7.1,2,2,0,2,5,0,43.9,0.2561,7.8,1.41,Low (<50)
19,1.0,1.8,2.5,2.4,0,71.1,7.5,1,1,0,1,2,0,45.3,0.3666,4.9,1.05,Low (<50)
22,0.0,3.8,2.3,2.9,0,83.0,6.4,2,3,2,2,1,0,58.5,0.7294,5.2,1.04,Average (50-64)
21,1.0,5.6,2.1,2.4,0,95.6,7.2,1,1,0,2,3,0,82.5,1.2417,4.5,1.12,Excellent (≥80)
18,,4.9,2.3,0.6,0,84.5,6.0,1,3,0,1,7,0,98.7,1.6838,2.9,1.6,Excellent (≥80)
24,0.0,1.1,4.1,1.4,1,90.0,9.0,1,6,1,2,1,0,43.7,0.1996,5.5,1.6,Low (<50)
20,0.0,2.0,0.0,0.9,1,81.8,5.5,1,4,1,1,2,0,54.9,2.1978,0.9,1.15,Average (50-64)
22,1.0,4.9,4.3,3.3,0,74.7,9.0,1,1,0,1,2,1,69.9,0.6439,7.6,1.2,Good (65-79)
22,1.0,2.0,0.8,0.5,0,83.8,6.5,2,4,1,0,4,0,73.5,1.5267,1.3,1.45,Good (65-79)
18,1.0,3.2,2.2,2.8,1,88.1,4.8,1,5,1,1,3,0,71.1,0.6387,5.0,1.28,Good (65-79)
24,1.0,4.3,2.0,2.8,1,78.4,8.1,2,5,0,0,3,1,82.8,0.894,4.8,1.61,Excellent (≥80)
20,0.0,2.0,3.2,3.8,1,82.6,6.7,0,6,0,0,10,1,75.7,0.2853,7.0,2.27,Good (65-79)
21,0.0,3.7,0.6,1.3,0,75.6,7.5,1,2,2,1,5,0,70.6,1.9372,1.9,1.45,Good (65-79)
17,,1.5,3.1,2.6,1,96.2,8.0,1,4,1,1,3,1,51.3,0.2627,5.7,1.5,Average (50-64)
20,,2.6,4.9,4.3,0,82.1,6.9,2,3,1,2,7,0,52.1,0.2823,9.2,1.69,Average (50-64)
18,0.0,4.0,0.9,1.1,0,99.5,5.8,0,2,0,1,5,0,70.7,1.99,2.0,1.28,Good (65-79)
22,0.0,1.1,2.7,0.1,0,100.0,7.7,1,1,0,2,4,0,51.2,0.3915,2.8,1.27,Average (50-64)
21,0.0,4.2,1.7,0.0,1,84.2,6.5,2,1,1,1,3,0,72.6,2.4561,1.7,1.05,Good (65-79)
20,0.0,3.5,3.0,2.6,0,74.9,7.3,1,3,0,2,4,0,70.7,0.6239,5.6,1.43,Good (65-79)
17,1.0,4.3,2.5,0.0,1,64.1,3.9,2,0,0,1,2,0,59.4,1.7131,2.5,0.59,Average (50-64)
17,1.0,3.8,1.7,1.4,0,70.3,7.0,0,0,1,2,1,0,58.1,1.2219,3.1,0.8,Average (50-64)
19,1.0,5.5,3.1,2.3,0,71.3,5.7,2,1,0,1,3,0,82.3,1.0166,5.4,0.97,Excellent (≥80)
19,0.0,3.7,4.7,2.0,0,98.8,8.5,2,6,1,2,2,0,69.7,0.5514,6.7,1.65,Good (65-79)
23,0.0,2.9,2.3,2.3,0,86.2,7.2,2,6,1,1,1,0,66.0,0.6291,4.6,1.42,Good (65-79)
18,1.0,3.7,3.4,2.0,0,88.9,6.8,1,3,0,0,1,1,63.5,0.6839,5.4,1.08,Average (50-64)
24,0.0,4.3,0.9,3.2,0,62.8,7.1,0,0,1,2,2,0,65.7,1.0462,4.1,0.91,Good (65-79)
20,0.0,3.6,1.4,0.8,0,73.0,5.3,2,4,0,0,9,0,78.5,1.629,2.2,1.83,Good (65-79)
20,1.0,3.6,3.1,1.1,0,93.9,8.4,1,1,1,1,5,1,75.1,0.8551,4.2,1.44,Good (65-79)
24,1.0,2.4,4.3,1.0,0,87.9,8.9,0,5,0,1,9,1,71.0,0.452,5.3,2.29,Good (65-79)
23,0.0,2.5,2.9,2.7,0,83.5,7.0,2,4,0,2,8,1,59.7,0.4456,5.6,1.9,Average (50-64)
22,0.0,1.4,2.1,2.8,0,90.6,8.4,1,3,1,2,6,0,52.6,0.2851,4.9,1.74,Average (50-64)
22,0.0,6.1,2.5,2.3,0,100.0,5.8,0,5,0,1,1,0,96.5,1.2682,4.8,1.18,Excellent (≥80)
23,0.0,1.6,1.0,3.1,0,82.8,5.5,1,4,2,2,10,1,62.0,0.3893,4.1,1.95,Average (50-64)
22,0.0,2.5,3.2,0.5,0,85.7,6.5,0,0,0,1,5,0,59.7,0.6739,3.7,1.15,Average (50-64)
19,0.0,2.4,3.6,3.6,0,86.9,7.0,1,6,0,1,1,0,48.4,0.3329,7.2,1.4,Low (<50)
20,0.0,4.8,2.0,3.5,0,100.0,6.0,2,0,1,2,7,1,70.6,0.8711,5.5,1.3,Good (65-79)
23,0.0,3.1,1.9,2.6,1,64.0,7.1,1,5,0,2,10,0,68.1,0.6874,4.5,2.21,Good (65-79)
20,1.0,5.4,2.8,3.8,0,91.8,6.9,2,2,0,2,8,0,87.2,0.8169,6.6,1.69,Excellent (≥80)
24,1.0,2.5,2.0,0.0,0,83.9,5.3,2,6,1,1,8,0,66.7,1.2438,2.0,1.93,Good (65-79)
17,1.0,3.9,2.4,1.2,0,90.7,7.1,2,1,1,1,7,1,75.2,1.0803,3.6,1.51,Good (65-79)
19,0.0,2.2,5.0,1.0,0,78.4,7.5,0,5,2,1,2,1,46.4,0.3661,6.0,1.45,Low (<50)
21,0.0,6.7,2.2,2.6,0,84.5,6.7,2,3,2,1,5,1,97.1,1.3929,4.8,1.47,Excellent (≥80)
19,0.0,1.7,2.1,0.6,1,92.1,7.9,1,1,0,1,4,0,61.2,0.6273,2.7,1.29,Average (50-64)
23,1.0,4.0,1.7,2.6,0,100.0,5.0,1,4,1,2,5,0,75.0,0.9281,4.3,1.4,Good (65-79)
21,1.0,4.5,3.4,3.3,1,93.1,7.1,2,6,0,2,10,0,94.7,0.6706,6.7,2.31,Excellent (≥80)
17,1.0,4.1,2.3,2.6,1,76.5,5.1,1,3,1,1,9,0,77.6,0.835,4.9,1.71,Good (65-79)
23,1.0,3.2,1.7,2.1,0,80.8,5.2,2,3,0,0,4,1,68.6,0.8399,3.8,1.22,Good (65-79)
18,0.0,3.3,4.1,0.7,0,80.5,5.7,0,0,2,2,8,0,69.6,0.6861,4.8,1.37,Good (65-79)
20,1.0,3.6,4.2,0.9,0,67.0,5.4,2,4,1,1,8,0,66.5,0.7045,5.1,1.74,Good (65-79)
17,1.0,3.3,1.8,3.2,0,81.7,5.8,0,0,2,2,2,0,62.2,0.6587,5.0,0.78,Average (50-64)
20,0.0,4.9,0.3,2.7,1,92.3,6.2,2,0,1,0,6,0,82.1,1.6279,3.0,1.22,Excellent (≥80)
22,1.0,6.8,3.7,1.8,0,72.3,7.5,0,6,2,1,5,0,100.0,1.2341,5.5,1.85,Excellent (≥80)
18,0.0,2.7,1.7,1.3,0,95.5,6.1,0,2,1,2,2,1,59.7,0.897,3.0,1.01,Average (50-64)
18,0.0,1.4,3.4,0.0,0,89.9,4.6,1,0,0,0,10,1,55.1,0.4106,3.4,1.46,Average (50-64)
17,1.0,3.4,0.1,0.6,0,77.7,7.9,1,1,0,1,4,1,77.1,4.7887,0.7,1.29,Good (65-79)
18,0.0,7.4,3.6,3.9,0,83.6,5.5,1,3,0,1,7,1,97.7,0.9854,7.5,1.55,Excellent (≥80)
21,0.0,2.3,1.0,0.4,0,100.0,6.4,1,6,0,2,1,0,66.9,1.6312,1.4,1.34,Good (65-79)
18,0.0,6.0,3.4,2.0,1,92.3,7.0,1,0,1,2,9,1,99.9,1.1091,5.4,1.6,Excellent (≥80)
20,1.0,6.0,2.5,2.9,0,85.1,6.7,0,5,1,1,10,1,100.0,1.1091,5.4,2.17,Excellent (≥80)
20,0.0,2.7,1.4,0.4,0,82.6,7.8,1,1,1,0,1,0,57.2,1.4917,1.8,0.98,Average (50-64)
23,0.0,4.4,2.0,2.0,1,85.8,7.1,2,4,2,2,5,0,77.3,1.0973,4.0,1.61,Good (65-79)
20,1.0,5.9,3.3,2.8,1,79.9,5.5,2,3,2,1,7,0,91.6,0.9656,6.1,1.55,Excellent (≥80)
23,1.0,2.9,2.6,1.8,0,64.0,9.1,2,6,0,2,8,0,70.7,0.6576,4.4,2.31,Good (65-79)
20,,3.2,3.2,5.0,0,100.0,6.7,2,5,0,0,2,0,57.6,0.3898,8.2,1.37,Average (50-64)
21,0.0,2.6,4.9,0.0,1,86.6,6.3,1,6,0,0,4,0,60.2,0.5295,4.9,1.63,Average (50-64)
24,1.0,2.0,0.6,3.0,0,89.0,7.7,0,6,0,2,2,1,50.5,0.554,3.6,1.57,Average (50-64)
23,0.0,2.5,4.4,1.6,0,84.4,6.8,1,5,1,1,4,0,51.3,0.416,6.0,1.58,Average (50-64)
19,1.0,1.7,2.6,2.6,0,77.6,7.0,2,4,1,2,6,0,53.5,0.3263,5.2,1.7,Average (50-64)
22,1.0,3.6,1.4,2.3,0,83.1,9.5,2,5,1,0,6,0,79.2,0.9704,3.7,2.05,Good (65-79)
17,1.0,2.3,0.9,1.0,0,69.0,6.2,1,1,2,1,2,1,47.2,1.2042,1.9,0.92,Low (<50)
20,1.0,3.9,2.3,2.1,0,100.0,6.1,0,6,1,2,4,0,73.4,0.8844,4.4,1.61,Good (65-79)
18,1.0,1.2,3.6,0.0,0,72.7,6.6,0,4,0,1,4,1,41.1,0.3324,3.6,1.46,Low (<50)
24,1.0,4.0,2.3,2.5,0,74.7,7.8,1,6,1,2,1,0,77.8,0.8316,4.8,1.48,Good (65-79)
20,0.0,4.8,4.3,2.1,0,80.6,4.7,1,5,0,1,2,0,63.4,0.7488,6.4,1.17,Average (50-64)
18,1.0,0.5,0.8,2.5,1,97.9,4.1,0,4,0,2,3,0,43.9,0.1511,3.3,1.11,Low (<50)
22,1.0,4.1,2.5,3.0,0,85.1,5.8,2,4,0,2,5,0,70.2,0.7441,5.5,1.48,Good (65-79)
22,0.0,5.3,1.0,2.2,0,72.6,4.5,1,0,0,1,8,0,81.3,1.6511,3.2,1.25,Excellent (≥80)
22,1.0,1.7,2.9,2.0,0,97.5,6.0,2,0,0,2,6,0,50.2,0.3462,4.9,1.2,Average (50-64)
18,0.0,6.0,3.6,0.8,0,92.3,7.1,2,0,0,2,3,0,87.9,1.3605,4.4,1.01,Excellent (≥80)
20,1.0,4.1,2.0,1.0,0,90.4,5.4,2,5,1,1,6,0,80.9,1.3621,3.0,1.64,Excellent (≥80)
22,1.0,2.4,0.0,3.1,0,92.2,4.8,2,3,1,2,7,1,63.9,0.7717,3.1,1.48,Average (50-64)
21,1.0,3.4,2.7,3.4,0,100.0,6.6,2,1,0,2,6,0,65.6,0.5565,6.1,1.36,Good (65-79)
23,1.0,4.3,3.0,1.5,0,100.0,7.5,2,5,0,1,10,1,93.2,0.9534,4.5,2.25,Excellent (≥80)
18,1.0,3.6,3.0,1.9,0,78.1,4.5,2,6,1,1,6,0,74.0,0.7332,4.9,1.65,Good (65-79)
18,1.0,4.3,4.0,0.8,0,100.0,7.5,1,0,0,1,1,0,60.8,0.894,4.8,0.85,Average (50-64)
20,1.0,2.1,1.2,3.1,0,88.8,7.5,2,4,2,1,3,0,50.4,0.4872,4.3,1.45,Average (50-64)
18,1.0,3.8,3.3,2.5,0,90.0,7.6,2,5,1,2,7,0,74.3,0.654,5.8,1.96,Good (65-79)
18,1.0,1.4,3.9,3.9,1,68.1,8.0,2,4,0,1,4,1,32.8,0.1793,7.8,1.6,Low (<50)
22,1.0,3.3,0.4,0.8,0,83.3,9.1,2,6,0,2,4,1,82.3,2.7273,1.2,1.91,Excellent (≥80)
20,1.0,2.1,2.9,1.4,0,76.9,6.1,1,4,0,1,7,0,60.4,0.4872,4.3,1.71,Average (50-64)
22,0.0,2.4,1.9,2.1,0,93.3,6.6,0,4,0,1,9,1,60.0,0.5985,4.0,1.96,Average (50-64)
23,0.0,5.4,2.4,2.5,0,95.7,6.0,1,2,0,2,2,0,77.5,1.0998,4.9,1.0,Good (65-79)
24,1.0,5.1,2.9,1.6,0,64.3,6.5,1,3,1,1,9,1,86.5,1.1308,4.5,1.85,Excellent (≥80)
23,0.0,4.4,1.9,0.8,0,84.8,8.3,2,1,0,1,3,0,76.9,1.6236,2.7,1.23,Good (65-79)
24,0.0,1.9,1.7,2.8,0,96.2,4.9,1,1,1,0,6,1,43.9,0.4213,4.5,1.19,Low (<50)
22,1.0,3.0,2.5,2.6,0,83.1,5.5,1,0,1,1,4,0,51.3,0.5871,5.1,0.95,Average (50-64)
23,0.0,5.3,1.2,0.8,0,92.3,8.2,1,2,0,1,1,0,83.3,2.6368,2.0,1.12,Excellent (≥80)
20,0.0,3.7,1.2,3.3,0,88.5,7.7,0,5,0,2,9,0,82.7,0.8204,4.5,2.17,Excellent (≥80)
17,1.0,7.0,3.3,3.1,0,88.4,6.1,2,5,0,1,6,1,94.8,1.092,6.4,1.71,Excellent (≥80)
22,1.0,4.1,1.1,1.9,0,82.3,7.5,2,1,0,2,8,0,80.8,1.3621,3.0,1.65,Excellent (≥80)
24,0.0,3.8,3.3,1.9,0,72.8,6.9,0,3,1,2,2,1,58.3,0.7294,5.2,1.19,Average (50-64)
21,0.0,3.0,3.1,2.4,1,73.8,8.3,1,4,0,1,7,0,66.3,0.5445,5.5,1.93,Good (65-79)
24,1.0,3.7,0.4,0.9,0,92.1,6.6,1,6,1,1,6,0,87.9,2.8244,1.3,1.86,Excellent (≥80)
21,1.0,3.3,1.7,1.8,0,85.2,7.7,0,0,0,2,2,0,60.5,0.9402,3.5,0.97,Average (50-64)
18,1.0,4.6,3.9,0.0,0,83.6,9.7,0,3,0,2,2,0,84.8,1.1765,3.9,1.47,Excellent (≥80)
23,0.0,4.9,1.3,2.8,0,80.8,7.2,2,1,1,1,4,0,77.0,1.1922,4.1,1.22,Good (65-79)
21,0.0,2.3,1.9,0.1,0,81.9,6.6,1,2,1,1,4,0,61.7,1.1443,2.0,1.26,Average (50-64)
24,1.0,1.5,3.1,3.5,0,95.5,7.4,1,0,0,1,3,0,44.0,0.2269,6.6,1.04,Low (<50)
18,1.0,0.7,3.4,1.4,1,81.6,6.1,0,1,0,0,8,0,42.4,0.1455,4.8,1.51,Low (<50)
17,0.0,4.3,2.2,1.6,0,71.6,9.4,2,5,1,2,7,0,88.0,1.1286,3.8,2.14,Excellent (≥80)
20,1.0,1.8,1.8,1.1,0,92.4,6.7,2,0,0,2,2,0,48.7,0.6186,2.9,0.87,Low (<50)
20,1.0,0.3,4.2,1.5,0,83.0,6.2,2,1,0,1,3,1,29.898,0.0525,5.7,1.02,Low (<50)
20,0.0,4.1,4.6,3.4,0,85.3,5.5,0,5,1,2,10,0,81.6,0.5119,8.0,2.05,Excellent (≥80)
21,0.0,7.2,3.7,0.0,0,100.0,7.8,2,6,0,2,9,0,100.0,1.9407,3.7,2.28,Excellent (≥80)
17,0.0,3.5,2.6,3.2,1,84.8,7.5,1,5,1,1,5,1,74.0,0.6024,5.8,1.75,Good (65-79)
21,0.0,4.8,1.5,2.2,0,87.9,5.9,1,4,1,0,2,1,78.4,1.2938,3.7,1.19,Good (65-79)
23,1.0,3.6,1.5,0.5,0,73.2,7.2,1,2,1,2,3,0,70.7,1.791,2.0,1.22,Good (65-79)
21,1.0,3.4,3.1,0.6,0,82.8,4.7,1,4,1,2,8,0,74.3,0.9164,3.7,1.67,Good (65-79)
17,0.0,4.9,3.0,3.6,0,91.1,6.7,2,1,1,2,4,0,67.6,0.7413,6.6,1.17,Good (65-79)
17,1.0,3.1,4.2,0.8,0,69.4,7.0,2,6,1,0,2,0,64.7,0.6188,5.0,1.5,Average (50-64)
23,1.0,3.9,3.3,0.5,0,87.0,8.5,1,3,2,1,2,0,64.1,1.0236,3.8,1.35,Average (50-64)
17,1.0,4.0,0.7,3.1,0,86.0,5.6,2,6,0,0,6,0,83.5,1.0499,3.8,1.76,Excellent (≥80)
24,1.0,2.5,3.8,2.2,0,85.4,5.0,2,6,0,2,8,0,63.4,0.416,6.0,1.9,Average (50-64)
17,1.0,5.0,1.3,0.8,0,95.4,5.4,2,6,1,2,7,0,96.2,2.3697,2.1,1.84,Excellent (≥80)
20,1.0,3.2,2.0,2.0,0,88.3,4.9,1,4,1,0,4,1,65.4,0.798,4.0,1.29,Good (65-79)
24,1.0,2.4,2.8,0.7,0,99.8,8.1,1,3,0,2,2,0,62.0,0.6838,3.5,1.31,Average (50-64)
24,1.0,4.3,4.9,3.0,0,75.1,8.4,1,5,2,2,9,1,74.0,0.5436,7.9,2.24,Good (65-79)
23,0.0,2.2,6.2,3.0,0,86.4,6.9,2,1,0,2,4,0,46.7,0.2389,9.2,1.19,Low (<50)
19,0.0,3.5,3.2,2.4,0,85.8,8.0,0,2,1,2,9,0,75.5,0.6239,5.6,1.9,Good (65-79)
19,0.0,3.5,2.3,2.2,0,74.3,6.7,1,3,1,0,5,1,78.1,0.7761,4.5,1.47,Good (65-79)
17,0.0,5.1,3.1,3.7,0,94.6,6.4,1,1,2,2,7,0,85.2,0.7489,6.8,1.44,Excellent (≥80)
24,0.0,4.2,3.6,1.8,1,100.0,6.1,1,3,0,0,5,0,75.4,0.7763,5.4,1.41,Good (65-79)
19,1.0,3.5,2.1,0.5,1,84.8,6.1,2,4,1,1,2,0,64.2,1.341,2.6,1.21,Average (50-64)
19,0.0,4.7,4.7,2.3,0,90.1,4.6,2,1,0,2,6,0,69.7,0.6705,7.0,1.16,Good (65-79)
17,0.0,5.6,2.8,4.1,0,85.8,6.8,2,4,0,2,7,0,90.3,0.8104,6.9,1.78,Excellent (≥80)
19,0.0,4.3,3.1,0.7,0,77.9,6.5,2,0,0,1,6,0,81.4,1.1286,3.8,1.25,Excellent (≥80)
21,1.0,3.5,3.3,1.4,0,66.8,7.4,1,1,1,2,3,0,65.0,0.7431,4.7,1.14,Good (65-79)
18,1.0,1.5,3.0,2.3,0,77.9,6.6,1,3,0,2,10,0,57.3,0.2825,5.3,1.96,Average (50-64)
23,1.0,1.9,3.5,1.7,1,71.1,6.3,1,0,0,2,8,0,57.7,0.3647,5.2,1.43,Average (50-64)
18,1.0,3.0,1.8,0.7,0,100.0,5.5,0,4,1,0,3,0,56.7,1.1952,2.5,1.25,Average (50-64)
17,0.0,2.6,1.8,3.0,0,83.8,6.6,1,4,1,2,5,1,62.3,0.5405,4.8,1.56,Average (50-64)
20,0.0,3.2,1.2,4.4,0,81.5,7.4,2,3,1,1,9,0,77.9,0.5704,5.6,1.94,Good (65-79)
23,1.0,3.6,3.0,2.0,0,93.9,5.1,1,0,2,1,5,0,65.2,0.7186,5.0,1.01,Good (65-79)
17,,4.3,3.4,0.8,0,73.8,6.6,2,6,0,1,7,0,76.8,1.0214,4.2,1.96,Good (65-79)
24,0.0,3.4,3.0,0.1,0,77.3,6.8,1,5,2,1,7,0,83.8,1.0932,3.1,1.88,Excellent (≥80)
20,1.0,4.2,4.5,2.1,0,85.7,5.6,0,2,2,2,5,0,70.6,0.6354,6.6,1.26,Good (65-79)
18,1.0,3.6,2.5,3.0,0,95.3,5.8,0,3,0,1,2,1,63.1,0.6534,5.5,1.08,Average (50-64)
17,1.0,0.5,3.3,2.3,0,90.0,6.8,1,4,0,2,5,0,39.0,0.0891,5.6,1.58,Low (<50)
24,1.0,2.1,1.2,1.8,0,87.5,5.1,1,1,0,1,7,0,66.7,0.6977,3.0,1.31,Good (65-79)
23,1.0,3.3,2.0,1.2,1,85.8,6.9,0,0,0,2,7,0,72.2,1.028,3.2,1.39,Good (65-79)
23,1.0,1.7,3.3,0.6,0,89.0,5.4,1,5,1,2,4,1,50.1,0.4348,3.9,1.44,Average (50-64)
22,1.0,4.4,3.5,2.7,1,87.0,7.8,1,2,1,2,1,0,62.4,0.7085,6.2,1.08,Average (50-64)
24,1.0,5.8,2.1,2.8,0,74.7,9.3,1,1,1,2,6,0,96.6,1.1813,4.9,1.63,Excellent (≥80)
21,0.0,5.3,2.4,0.1,0,85.5,5.5,2,0,1,2,3,1,85.8,2.1116,2.5,0.85,Excellent (≥80)
19,1.0,3.2,0.7,3.5,0,74.3,7.1,2,5,0,2,5,0,68.3,0.7601,4.2,1.71,Good (65-79)
20,0.0,5.7,2.1,2.4,0,85.8,5.6,1,3,2,2,4,1,83.8,1.2639,4.5,1.26,Excellent (≥80)
24,1.0,3.7,3.6,3.3,1,80.2,7.7,2,5,0,0,2,0,69.3,0.5355,6.9,1.47,Good (65-79)
22,,3.0,3.2,0.3,0,100.0,5.0,2,3,2,2,7,0,65.3,0.8547,3.5,1.5,Good (65-79)
19,1.0,2.6,3.1,0.3,0,84.6,7.1,2,6,0,1,5,1,77.5,0.7625,3.4,1.81,Good (65-79)
19,1.0,3.0,2.6,1.6,0,71.0,5.5,1,0,2,1,7,1,55.0,0.7126,4.2,1.25,Average (50-64)
17,,2.9,2.5,2.4,1,83.7,6.3,0,5,0,2,9,0,65.2,0.5906,4.9,2.03,Good (65-79)
19,0.0,3.8,1.7,3.8,0,90.2,5.3,2,2,0,1,4,0,58.1,0.6897,5.5,1.13,Average (50-64)
21,0.0,3.7,3.3,2.6,1,100.0,7.5,1,5,0,2,5,0,69.2,0.6261,5.9,1.75,Good (65-79)
23,1.0,3.5,3.0,1.5,1,79.1,5.5,2,0,1,1,9,0,67.4,0.7761,4.5,1.45,Good (65-79)
22,1.0,4.2,3.1,0.7,0,69.2,7.2,2,1,2,0,10,0,79.9,1.1024,3.8,1.82,Good (65-79)
19,0.0,5.3,1.9,3.2,0,93.2,6.1,1,1,0,1,4,1,85.7,1.0372,5.1,1.11,Excellent (≥80)
17,0.0,4.9,0.0,0.7,0,71.2,6.4,1,5,2,0,5,0,96.2,6.9014,0.7,1.64,Excellent (≥80)
21,0.0,1.3,3.8,3.6,1,80.6,6.7,1,5,1,2,5,0,40.4,0.1754,7.4,1.67,Low (<50)
18,0.0,0.0,1.9,1.5,0,82.4,5.6,1,3,1,1,8,0,55.2,0.0,3.4,1.66,Average (50-64)
23,1.0,4.9,1.5,3.5,0,84.3,6.8,1,0,1,1,4,0,73.8,0.978,5.0,1.08,Good (65-79)
23,0.0,1.4,3.3,2.5,0,91.9,8.3,1,3,0,0,4,1,46.5,0.241,5.8,1.53,Low (<50)
22,1.0,3.2,2.0,1.6,0,78.2,5.6,1,2,0,1,7,1,60.5,0.8864,3.6,1.46,Average (50-64)
23,1.0,1.7,3.8,1.2,0,82.3,7.9,0,6,2,2,5,0,55.4,0.3393,5.0,1.89,Average (50-64)
19,1.0,0.8,3.2,1.4,0,84.9,8.3,2,1,2,1,6,0,45.1,0.1735,4.6,1.53,Low (<50)
17,0.0,4.3,3.3,2.3,0,86.5,5.5,0,4,2,2,6,0,69.4,0.7665,5.6,1.55,Good (65-79)
23,1.0,4.6,0.9,1.9,0,86.0,4.8,2,4,2,2,6,0,81.3,1.637,2.8,1.48,Excellent (≥80)
23,1.0,2.6,4.0,1.1,0,89.4,6.9,2,0,0,2,10,0,66.6,0.5088,5.1,1.69,Good (65-79)
18,0.0,0.0,2.8,1.6,0,93.4,5.8,1,0,1,2,5,0,29.898,0.0,4.4,1.08,Low (<50)
18,1.0,2.7,2.1,1.9,0,88.9,8.7,2,4,0,0,5,0,64.5,0.6733,4.0,1.77,Average (50-64)
20,0.0,4.1,2.7,0.0,0,89.5,6.5,1,0,2,1,9,1,87.1,1.5129,2.7,1.55,Excellent (≥80)
21,1.0,1.3,0.4,2.3,1,69.2,5.5,2,1,0,2,8,1,42.2,0.4797,2.7,1.45,Low (<50)
19,0.0,3.8,3.0,0.7,0,85.5,5.1,1,2,1,2,4,0,61.6,1.0243,3.7,1.11,Average (50-64)
23,0.0,3.5,1.3,0.5,0,89.8,7.8,1,2,1,2,7,0,81.9,1.9337,1.8,1.68,Excellent (≥80)
24,1.0,4.4,0.9,0.0,0,92.3,5.8,1,3,0,2,8,0,96.5,4.8352,0.9,1.68,Excellent (≥80)
23,1.0,3.7,0.7,0.0,0,78.1,6.6,1,1,0,1,9,0,85.1,5.2113,0.7,1.66,Excellent (≥80)
17,1.0,2.0,3.8,0.3,0,78.4,7.6,1,6,2,0,5,0,58.5,0.4866,4.1,1.86,Average (50-64)
20,1.0,5.3,1.7,1.0,0,79.3,5.9,1,0,1,2,3,1,78.4,1.9557,2.7,0.89,Good (65-79)
21,,3.3,4.3,3.9,0,90.4,6.4,1,0,0,2,4,0,56.4,0.4019,8.2,1.04,Average (50-64)
24,1.0,3.5,1.9,1.2,0,95.3,6.5,0,6,1,1,10,1,92.6,1.1254,3.1,2.25,Excellent (≥80)
20,0.0,2.1,0.5,2.0,0,80.9,7.3,0,3,1,2,6,1,62.3,0.8367,2.5,1.63,Average (50-64)
22,1.0,2.8,1.2,2.2,1,94.1,7.2,1,3,0,1,10,0,75.8,0.8211,3.4,2.02,Good (65-79)
21,0.0,2.2,4.0,1.9,0,86.2,6.2,0,0,0,1,5,1,47.1,0.3723,5.9,1.12,Low (<50)
23,0.0,3.2,2.3,1.7,1,83.8,6.6,0,0,2,2,9,0,66.3,0.798,4.0,1.56,Good (65-79)
23,0.0,6.1,1.8,0.5,0,82.9,6.1,2,6,1,2,3,1,98.3,2.6407,2.3,1.51,Excellent (≥80)
21,1.0,1.4,2.7,3.4,0,92.5,4.7,0,1,1,1,2,1,29.898,0.2291,6.1,0.77,Low (<50)
23,1.0,1.1,3.1,3.8,0,88.3,6.8,2,6,1,0,6,0,45.5,0.1592,6.9,1.88,Low (<50)
19,1.0,5.7,3.8,0.0,0,100.0,8.8,1,3,0,1,7,0,100.0,1.4961,3.8,1.88,Excellent (≥80)
21,0.0,3.2,4.2,0.7,0,76.5,5.4,2,6,0,2,5,1,67.5,0.6517,4.9,1.64,Good (65-79)
20,0.0,2.5,2.1,1.5,0,90.2,5.6,1,6,0,1,1,1,60.3,0.6925,3.6,1.26,Average (50-64)
21,,5.1,0.9,0.7,0,79.7,5.5,1,6,0,2,3,0,87.0,3.1677,1.6,1.45,Excellent (≥80)
24,1.0,2.6,2.0,2.4,0,76.3,7.4,1,1,1,2,3,0,48.5,0.5896,4.4,1.14,Low (<50)
23,0.0,6.2,2.8,1.0,0,84.9,7.0,1,5,2,2,4,0,100.0,1.6273,3.8,1.6,Excellent (≥80)
19,0.0,4.5,1.3,4.2,0,86.4,6.3,1,0,0,1,10,0,82.1,0.8167,5.5,1.63,Excellent (≥80)
19,1.0,2.8,1.4,3.1,0,100.0,5.4,0,4,0,2,6,1,63.7,0.6208,4.5,1.54,Average (50-64)
22,1.0,6.7,2.9,2.0,0,83.2,6.6,2,6,1,1,5,0,100.0,1.3646,4.9,1.76,Excellent (≥80)
20,0.0,2.6,2.4,2.9,0,73.7,4.6,1,4,2,1,1,0,41.9,0.4896,5.3,0.96,Low (<50)
18,0.0,4.6,2.5,3.0,0,87.7,6.7,1,5,1,0,6,0,72.7,0.8348,5.5,1.77,Good (65-79)
18,0.0,3.9,1.6,1.2,0,64.3,7.5,2,0,2,1,9,1,74.3,1.3879,2.8,1.65,Good (65-79)
21,1.0,5.5,2.2,0.9,1,84.1,5.0,1,3,1,2,1,0,88.7,1.7685,3.1,0.9,Excellent (≥80)
22,0.0,5.8,1.4,1.9,0,85.2,4.7,2,4,1,1,8,1,96.6,1.7523,3.3,1.67,Excellent (≥80)
17,1.0,3.5,3.6,2.7,0,92.9,8.4,1,3,0,1,8,1,72.6,0.5547,6.3,1.94,Good (65-79)
21,1.0,2.4,3.7,2.0,0,94.7,5.8,2,4,0,2,3,1,52.4,0.4203,5.7,1.28,Average (50-64)
22,1.0,4.2,0.3,0.1,0,80.0,7.9,0,3,0,0,9,1,100.0,10.2439,0.4,1.99,Excellent (≥80)
20,0.0,2.5,1.4,0.9,0,83.5,6.3,2,6,1,2,8,0,73.1,1.0823,2.3,2.03,Good (65-79)
20,0.0,6.5,0.7,1.7,0,77.3,6.3,2,4,2,1,3,0,100.0,2.6971,2.4,1.33,Excellent (≥80)
20,0.0,3.7,1.7,1.7,0,73.7,7.0,1,3,2,0,10,1,80.8,1.085,3.4,2.0,Excellent (≥80)
20,1.0,3.0,2.4,4.0,0,88.1,5.4,0,5,0,2,5,0,62.9,0.468,6.4,1.54,Average (50-64)
20,0.0,3.8,0.8,0.3,0,72.3,6.7,1,1,0,0,3,0,71.5,3.4234,1.1,1.07,Good (65-79)
22,1.0,1.5,1.4,2.4,0,80.9,6.0,2,3,0,2,5,0,46.2,0.3937,3.8,1.4,Low (<50)
22,0.0,2.0,1.3,3.4,1,75.0,4.9,1,1,0,1,9,0,53.8,0.4246,4.7,1.49,Average (50-64)
19,1.0,5.3,2.7,4.3,0,90.5,6.9,1,1,1,0,4,1,74.2,0.7561,7.0,1.19,Good (65-79)
24,1.0,2.5,2.6,1.4,0,100.0,6.2,0,0,2,0,6,0,52.5,0.6234,4.0,1.22,Average (50-64)
18,1.0,1.9,1.6,2.3,0,72.0,6.3,1,6,2,0,3,0,51.2,0.4859,3.9,1.53,Average (50-64)
23,1.0,4.3,2.7,2.4,1,66.5,5.0,1,5,1,0,3,0,60.6,0.8415,5.1,1.3,Average (50-64)
20,0.0,5.3,1.8,2.0,0,83.8,8.4,2,1,1,2,5,0,91.5,1.3911,3.8,1.44,Excellent (≥80)
17,0.0,4.6,2.2,1.7,0,85.2,7.6,1,2,1,1,8,0,87.3,1.1765,3.9,1.76,Excellent (≥80)
23,1.0,5.0,4.5,2.3,0,87.2,7.7,2,6,0,1,8,0,98.0,0.7342,6.8,2.17,Excellent (≥80)
22,0.0,2.4,4.1,0.0,0,80.5,6.1,1,1,1,1,3,1,47.9,0.5839,4.1,1.01,Low (<50)
17,1.0,1.4,0.9,2.6,1,83.0,4.4,0,3,1,2,8,0,51.0,0.3989,3.5,1.54,Average (50-64)
17,0.0,5.8,3.5,1.9,0,88.7,8.8,1,1,1,2,8,1,90.0,1.0721,5.4,1.78,Excellent (≥80)
17,0.0,3.0,3.5,1.6,0,95.4,6.4,1,3,0,2,3,0,54.1,0.5871,5.1,1.24,Average (50-64)
19,0.0,3.1,1.1,4.1,0,65.4,5.6,2,3,0,2,10,1,58.4,0.595,5.2,1.86,Average (50-64)
22,1.0,5.5,3.5,1.1,1,81.3,7.0,2,2,0,1,10,0,100.0,1.1931,4.6,1.9,Excellent (≥80)
17,0.0,4.3,4.3,1.4,0,87.1,7.9,1,1,2,1,2,0,65.2,0.7531,5.7,1.09,Good (65-79)
20,0.0,4.2,1.2,4.0,0,75.8,6.5,1,1,0,2,10,0,85.3,0.8061,5.2,1.75,Excellent (≥80)
21,1.0,6.7,1.4,0.9,0,100.0,8.0,1,4,1,2,2,0,93.8,2.9004,2.3,1.4,Excellent (≥80)
17,1.0,2.5,3.7,1.2,1,78.6,7.8,2,6,1,1,9,0,78.8,0.5092,4.9,2.28,Good (65-79)
19,0.0,4.9,2.8,1.6,0,84.6,5.2,2,4,0,1,7,0,85.0,1.1111,4.4,1.62,Excellent (≥80)
23,0.0,3.6,3.2,2.7,0,90.6,5.7,2,0,1,2,6,0,64.5,0.6091,5.9,1.17,Average (50-64)
22,0.0,3.9,2.9,2.0,0,79.1,7.6,1,3,2,2,7,0,71.0,0.7943,4.9,1.76,Good (65-79)
24,0.0,5.8,3.0,0.4,0,66.5,3.2,1,2,0,1,8,0,90.8,1.7009,3.4,1.32,Excellent (≥80)
19,0.0,4.3,0.9,1.2,0,80.7,6.3,1,4,2,2,1,0,72.6,2.0379,2.1,1.13,Good (65-79)
17,1.0,4.3,3.8,1.1,0,95.3,4.8,1,1,0,1,8,0,70.9,0.8758,4.9,1.38,Good (65-79)
22,1.0,5.1,3.9,1.7,1,81.6,5.9,1,0,0,0,3,1,65.1,0.9091,5.6,0.89,Good (65-79)
21,1.0,3.0,2.2,2.3,0,76.5,6.1,0,2,2,1,3,0,49.1,0.6652,4.5,1.11,Low (<50)
17,0.0,2.2,2.4,2.3,1,94.3,6.1,0,5,1,1,6,0,62.7,0.4671,4.7,1.71,Average (50-64)
19,1.0,1.9,0.7,0.0,0,81.7,5.8,2,1,2,0,4,0,51.5,2.6761,0.7,1.08,Average (50-64)
18,0.0,0.6,3.1,3.0,0,79.9,5.2,2,1,1,2,4,0,29.898,0.0982,6.1,1.02,Low (<50)
20,0.0,6.6,3.2,2.1,0,86.5,9.3,1,5,2,1,4,1,100.0,1.2429,5.3,1.83,Excellent (≥80)
24,0.0,1.8,2.4,3.3,1,92.7,8.7,1,3,1,2,10,0,53.3,0.3152,5.7,2.17,Average (50-64)
23,1.0,3.2,3.8,2.3,0,100.0,5.1,1,3,1,0,9,0,76.1,0.5237,6.1,1.71,Good (65-79)
19,0.0,3.1,2.1,3.0,0,93.3,8.4,2,4,1,1,8,0,85.6,0.6067,5.1,2.04,Excellent (≥80)
22,1.0,4.0,3.2,2.3,1,96.6,6.0,2,4,0,2,3,1,63.0,0.726,5.5,1.3,Average (50-64)
24,0.0,4.7,1.3,3.3,1,79.9,6.7,2,1,2,2,1,0,73.6,1.0195,4.6,0.87,Good (65-79)
24,1.0,4.8,2.5,2.4,1,74.7,6.4,2,6,0,2,1,0,76.2,0.9776,4.9,1.34,Good (65-79)
24,1.0,2.6,2.3,1.7,0,85.6,5.7,1,1,1,2,1,1,45.5,0.6484,4.0,0.77,Low (<50)
17,0.0,3.2,2.8,4.3,0,86.1,7.7,1,4,0,1,4,1,58.6,0.4501,7.1,1.57,Average (50-64)
20,1.0,3.9,2.1,2.8,0,74.2,6.7,1,5,1,1,6,0,77.8,0.7943,4.9,1.77,Good (65-79)
17,1.0,3.1,2.3,2.4,1,83.2,5.9,1,4,0,2,4,1,61.5,0.6582,4.7,1.39,Average (50-64)
22,0.0,5.9,3.5,0.4,0,89.0,4.9,2,1,0,2,3,0,71.4,1.509,3.9,0.89,Good (65-79)
17,0.0,4.2,2.0,0.4,0,88.6,5.4,1,2,2,2,8,1,93.9,1.7427,2.4,1.54,Excellent (≥80)
18,0.0,4.6,0.6,2.1,0,90.0,4.5,0,1,0,2,8,0,85.9,1.6974,2.7,1.35,Excellent (≥80)
20,0.0,4.5,4.6,2.0,0,87.9,6.5,1,2,1,2,6,0,73.8,0.6808,6.6,1.45,Good (65-79)
20,0.0,5.3,4.2,1.1,1,79.9,5.1,2,2,0,1,9,0,83.3,0.9981,5.3,1.61,Excellent (≥80)
22,1.0,3.8,0.9,2.0,1,79.9,6.2,1,1,0,2,10,0,79.7,1.3058,2.9,1.72,Good (65-79)
23,1.0,1.6,3.3,3.5,1,73.0,8.1,2,6,0,2,1,0,47.1,0.2349,6.8,1.51,Low (<50)
18,1.0,4.1,1.9,2.6,0,100.0,7.9,1,6,1,2,8,0,91.9,0.9091,4.5,2.19,Excellent (≥80)
19,0.0,2.5,2.8,0.5,1,85.1,6.5,0,0,0,0,6,1,60.6,0.7553,3.3,1.25,Average (50-64)
17,0.0,2.7,2.9,1.7,0,82.8,6.4,1,4,2,1,1,0,46.6,0.5857,4.6,1.14,Low (<50)
21,1.0,4.4,2.2,0.9,0,75.7,8.8,2,6,0,0,4,1,84.2,1.4148,3.1,1.88,Excellent (≥80)
17,1.0,5.4,1.6,1.4,0,100.0,7.1,1,3,0,1,5,0,95.5,1.794,3.0,1.51,Excellent (≥80)
24,0.0,3.5,1.7,1.3,0,74.3,6.1,2,1,0,2,7,1,73.5,1.1628,3.0,1.41,Good (65-79)
17,1.0,4.0,1.4,1.3,0,80.7,4.8,1,2,0,0,8,0,75.9,1.476,2.7,1.48,Good (65-79)
19,0.0,6.1,1.5,0.4,0,89.2,7.0,0,1,1,1,9,0,100.0,3.1937,1.9,1.7,Excellent (≥80)
17,0.0,3.9,2.4,1.7,1,91.0,7.5,2,4,2,1,6,1,74.2,0.9489,4.1,1.75,Good (65-79)
18,0.0,7.4,1.6,1.2,0,94.6,5.7,1,5,1,2,10,1,100.0,2.6335,2.8,2.07,Excellent (≥80)
18,1.0,4.3,3.3,0.0,0,100.0,6.8,1,6,0,1,9,0,94.9,1.2991,3.3,2.18,Excellent (≥80)
20,0.0,0.9,4.3,4.1,0,90.1,6.1,2,6,0,1,4,0,29.898,0.107,8.4,1.61,Low (<50)
22,0.0,4.6,1.8,3.0,0,74.4,6.3,1,6,0,1,8,0,86.2,0.9563,4.8,2.03,Excellent (≥80)
23,0.0,4.1,2.8,1.4,0,82.4,3.5,2,2,2,1,3,0,60.1,0.9739,4.2,0.85,Average (50-64)
21,0.0,5.4,3.1,1.8,0,88.1,6.2,0,3,0,1,4,1,91.3,1.0998,4.9,1.32,Excellent (≥80)
24,0.0,4.5,3.1,0.5,0,100.0,7.7,1,3,1,1,10,0,93.8,1.2465,3.6,2.07,Excellent (≥80)
17,0.0,3.3,2.6,3.7,0,71.0,5.7,0,6,0,2,4,1,61.6,0.523,6.3,1.57,Average (50-64)
17,1.0,1.7,3.4,3.9,1,97.0,6.6,2,3,0,1,6,0,41.7,0.2326,7.3,1.56,Low (<50)
19,0.0,3.2,3.1,2.0,0,86.8,5.6,1,5,0,0,9,0,74.5,0.6262,5.1,1.96,Good (65-79)
22,0.0,2.2,1.0,2.9,0,93.4,6.9,2,6,0,2,6,0,63.7,0.5627,3.9,1.89,Average (50-64)
18,1.0,2.6,3.5,2.0,0,84.0,6.2,2,0,1,1,1,0,39.6,0.4719,5.5,0.72,Low (<50)
21,0.0,4.4,3.6,0.3,0,76.6,5.4,1,2,0,2,5,1,87.5,1.1253,3.9,1.24,Excellent (≥80)
20,0.0,6.0,1.6,1.3,0,92.5,8.1,1,5,1,1,9,0,100.0,2.0619,2.9,2.21,Excellent (≥80)
18,0.0,4.1,2.5,1.9,1,91.5,7.6,1,2,0,2,5,0,75.4,0.9297,4.4,1.46,Good (65-79)
24,1.0,1.7,3.3,1.3,0,94.7,5.8,1,6,2,2,6,1,61.5,0.3688,4.6,1.78,Average (50-64)
22,1.0,4.2,2.2,1.6,0,84.9,7.1,1,5,0,2,3,1,73.3,1.1024,3.8,1.51,Good (65-79)
24,,5.3,3.8,1.7,0,79.0,7.1,2,6,2,1,8,0,96.3,0.9619,5.5,2.11,Excellent (≥80)
23,0.0,2.6,5.3,1.7,1,69.4,7.3,2,5,1,1,10,0,67.0,0.3709,7.0,2.23,Good (65-79)
20,1.0,3.3,1.6,1.9,0,93.2,4.5,2,6,2,1,4,0,70.1,0.9402,3.5,1.45,Good (65-79)
23,0.0,3.5,0.8,0.6,0,89.2,7.7,2,0,0,2,4,0,84.2,2.4823,1.4,1.17,Excellent (≥80)
19,0.0,2.3,2.9,1.0,0,75.3,5.8,2,2,1,2,5,1,48.9,0.5882,3.9,1.28,Low (<50)
24,0.0,4.5,3.4,0.4,0,79.6,6.1,1,5,0,0,10,0,98.8,1.1811,3.8,2.11,Excellent (≥80)
19,0.0,3.3,2.2,2.9,1,80.3,9.7,2,0,0,0,9,0,76.1,0.6458,5.1,1.87,Good (65-79)
17,1.0,4.1,4.2,0.0,0,70.2,6.9,2,1,0,1,8,1,80.4,0.9739,4.2,1.59,Excellent (≥80)
23,1.0,2.2,0.9,3.1,0,76.8,6.0,1,6,0,0,7,0,64.1,0.5486,4.0,1.9,Average (50-64)
22,1.0,2.8,3.3,3.3,0,73.7,3.9,2,4,2,1,5,1,59.4,0.4236,6.6,1.29,Average (50-64)
24,0.0,4.6,1.8,1.5,0,80.9,8.2,1,5,0,0,9,1,94.2,1.3897,3.3,2.22,Excellent (≥80)
21,1.0,2.9,4.6,0.0,1,77.6,4.9,2,3,1,2,9,1,67.8,0.6291,4.6,1.69,Good (65-79)
20,1.0,6.1,4.9,1.4,0,68.7,5.3,2,0,1,2,10,0,96.1,0.9667,6.3,1.53,Excellent (≥80)
18,1.0,2.9,1.6,1.7,0,100.0,6.1,2,0,1,2,10,0,70.2,0.8761,3.3,1.61,Good (65-79)
22,0.0,3.8,1.8,0.7,0,97.5,8.2,1,5,1,1,2,0,84.2,1.5139,2.5,1.52,Excellent (≥80)
22,0.0,4.9,3.5,1.2,0,77.2,7.4,2,0,0,2,4,0,75.4,1.0403,4.7,1.14,Good (65-79)
19,1.0,1.4,2.0,3.5,0,87.7,6.3,1,1,1,2,8,0,41.7,0.2541,5.5,1.53,Low (<50)
23,1.0,0.9,2.4,2.5,0,89.2,6.9,1,0,0,0,1,0,29.898,0.1833,4.9,0.79,Low (<50)
24,0.0,1.2,2.5,0.8,1,96.9,5.8,2,4,2,2,5,0,50.3,0.3625,3.3,1.48,Average (50-64)
24,1.0,5.4,0.2,0.0,0,76.8,6.7,1,4,1,1,8,0,100.0,25.7143,0.2,1.87,Excellent (≥80)
17,1.0,2.7,2.5,1.4,0,95.9,6.6,2,6,2,1,2,0,52.2,0.6905,3.9,1.46,Average (50-64)
17,1.0,7.3,1.7,1.6,0,79.5,7.7,1,6,0,1,2,1,100.0,2.2054,3.3,1.57,Excellent (≥80)
20,1.0,2.7,1.9,2.3,0,71.6,7.7,1,3,0,0,8,0,71.2,0.6413,4.2,1.87,Good (65-79)
19,1.0,3.8,4.2,1.2,0,92.2,7.1,2,1,0,2,10,0,72.3,0.7024,5.4,1.81,Good (65-79)
22,0.0,5.8,1.0,2.4,0,97.9,6.1,1,4,0,1,9,0,100.0,1.7009,3.4,1.91,Excellent (≥80)
24,1.0,6.5,3.5,3.9,0,100.0,7.4,0,5,0,1,7,1,100.0,0.8772,7.4,1.94,Excellent (≥80)
21,0.0,6.6,2.2,2.7,0,73.0,6.4,2,2,1,0,8,1,100.0,1.3442,4.9,1.64,Excellent (≥80)
19,1.0,5.3,2.2,1.7,0,92.0,5.2,1,2,0,2,5,0,93.1,1.3555,3.9,1.22,Excellent (≥80)
20,0.0,5.0,3.4,1.6,1,80.9,6.0,2,2,1,1,1,1,67.7,0.998,5.0,0.9,Good (65-79)
20,0.0,4.4,2.9,1.4,0,92.8,6.6,1,6,2,2,4,1,77.9,1.0209,4.3,1.66,Good (65-79)
19,1.0,4.7,3.2,3.1,1,70.3,7.6,1,5,1,2,2,0,80.3,0.7448,6.3,1.46,Excellent (≥80)
20,0.0,2.7,3.7,1.1,0,72.4,6.3,1,0,0,1,3,0,44.3,0.5613,4.8,0.93,Low (<50)
19,1.0,2.3,2.1,1.8,0,77.2,5.0,1,5,0,1,3,0,54.7,0.5882,3.9,1.3,Average (50-64)
18,,3.5,1.8,1.9,0,85.8,6.6,1,0,0,2,9,0,85.0,0.9434,3.7,1.56,Excellent (≥80)
19,1.0,3.2,1.2,1.2,0,78.6,6.6,1,2,0,0,10,1,81.7,1.3278,2.4,1.86,Excellent (≥80)
23,1.0,2.8,1.5,0.3,0,91.6,6.7,1,3,1,0,4,0,71.6,1.547,1.8,1.37,Good (65-79)
19,1.0,4.5,6.0,2.2,1,95.3,7.6,0,3,0,2,2,1,73.7,0.5481,8.2,1.26,Good (65-79)
20,,4.9,4.0,1.7,0,91.0,7.7,1,0,2,1,3,0,77.0,0.8581,5.7,1.07,Good (65-79)
24,0.0,3.6,0.9,2.4,0,100.0,5.8,0,2,1,1,3,0,72.3,1.0876,3.3,1.08,Good (65-79)
23,0.0,5.7,0.9,1.2,0,89.2,5.8,0,5,1,1,7,0,100.0,2.7014,2.1,1.78,Excellent (≥80)
20,1.0,1.8,3.1,3.1,0,72.8,5.3,2,3,0,1,8,0,54.0,0.2899,6.2,1.63,Average (50-64)
17,0.0,3.2,3.2,0.8,0,98.6,7.3,2,0,0,2,6,0,70.4,0.798,4.0,1.33,Good (65-79)
17,1.0,2.4,3.2,3.7,0,78.9,8.2,2,5,1,2,4,1,47.0,0.3473,6.9,1.72,Low (<50)
24,0.0,0.7,2.2,0.0,0,94.1,6.1,1,2,0,2,6,0,48.7,0.3167,2.2,1.41,Low (<50)
24,1.0,3.4,2.3,2.3,0,100.0,6.2,2,1,0,2,1,0,47.6,0.7375,4.6,0.82,Low (<50)
23,1.0,3.3,2.9,2.3,1,89.6,8.3,2,2,0,1,10,0,81.1,0.6334,5.2,2.03,Excellent (≥80)
18,1.0,5.8,2.6,0.9,1,70.0,7.1,2,6,0,1,8,0,100.0,1.6524,3.5,2.11,Excellent (≥80)
24,1.0,4.4,0.0,2.3,0,75.8,7.0,1,2,1,1,1,0,81.9,1.9048,2.3,1.0,Excellent (≥80)
17,0.0,2.0,2.2,3.2,0,98.2,5.1,2,5,0,1,5,0,56.3,0.3697,5.4,1.51,Average (50-64)
19,1.0,6.3,1.5,0.0,0,83.3,7.3,2,5,1,2,2,1,100.0,4.1722,1.5,1.43,Excellent (≥80)
20,0.0,5.3,2.7,2.4,1,85.8,5.4,2,4,0,2,6,0,81.0,1.0372,5.1,1.54,Excellent (≥80)
17,1.0,4.4,6.1,0.0,0,92.6,5.1,0,4,1,1,9,1,84.9,0.7201,6.1,1.81,Excellent (≥80)
17,0.0,3.2,2.9,0.7,0,92.0,6.1,1,5,2,0,5,0,67.9,0.8864,3.6,1.61,Good (65-79)
18,1.0,2.1,2.1,3.6,0,87.8,5.8,1,5,2,0,4,0,56.9,0.3678,5.7,1.48,Average (50-64)
23,1.0,2.9,3.6,1.2,0,82.9,6.2,1,1,0,1,2,0,45.9,0.6029,4.8,0.92,Low (<50)
23,0.0,5.1,3.1,0.5,1,81.9,4.8,2,1,0,0,3,0,76.0,1.4127,3.6,0.88,Good (65-79)
22,1.0,6.3,3.0,1.6,0,93.6,7.7,0,2,0,1,6,1,94.8,1.3666,4.6,1.57,Excellent (≥80)
18,1.0,5.8,3.2,4.1,0,90.5,7.9,0,6,1,2,8,0,99.3,0.7934,7.3,2.19,Excellent (≥80)
19,0.0,2.8,5.0,0.0,1,82.4,4.2,1,3,1,2,8,0,71.0,0.5589,5.0,1.52,Good (65-79)
23,0.0,1.8,1.1,0.6,1,95.8,7.7,0,6,1,1,5,0,70.9,1.0526,1.7,1.87,Good (65-79)
20,1.0,3.7,3.1,3.4,1,83.7,5.5,1,1,0,1,5,1,59.8,0.5684,6.5,1.15,Average (50-64)
24,1.0,0.8,1.4,3.8,1,76.5,7.5,2,2,1,1,10,0,36.0,0.1536,5.2,1.95,Low (<50)
18,0.0,4.0,3.2,1.7,0,77.4,6.4,1,6,0,2,3,0,68.4,0.8147,4.9,1.54,Good (65-79)
24,1.0,3.3,1.4,0.4,0,75.2,6.5,0,0,1,2,7,1,72.9,1.8232,1.8,1.35,Good (65-79)
17,1.0,2.8,2.0,4.1,1,82.3,6.3,1,4,0,2,6,0,57.3,0.4583,6.1,1.63,Average (50-64)
20,1.0,1.1,2.1,3.6,1,97.3,8.0,1,6,1,1,1,1,50.3,0.1926,5.7,1.5,Average (50-64)
20,0.0,4.3,3.7,2.5,0,76.9,5.0,0,3,0,2,4,0,65.7,0.6924,6.2,1.2,Good (65-79)
17,0.0,2.7,3.6,0.9,0,86.9,7.2,2,2,0,0,6,1,67.9,0.5987,4.5,1.52,Good (65-79)
18,1.0,1.7,1.0,1.7,0,78.4,7.8,2,6,1,2,6,0,63.6,0.6273,2.7,1.98,Average (50-64)
17,1.0,0.0,2.6,1.6,0,82.4,7.4,2,5,0,1,3,0,32.9,0.0,4.2,1.54,Low (<50)
24,1.0,3.5,1.6,2.2,0,69.9,9.3,2,0,1,1,6,0,67.7,0.9186,3.8,1.53,Good (65-79)
22,0.0,6.2,1.0,3.4,0,82.8,5.9,0,4,1,2,10,0,100.0,1.4059,4.4,1.99,Excellent (≥80)
20,1.0,6.0,2.2,2.8,1,83.1,7.6,2,0,1,1,6,0,96.8,1.1976,5.0,1.36,Excellent (≥80)
21,1.0,2.8,2.1,0.6,0,90.4,6.4,2,2,0,0,9,1,71.0,1.0332,2.7,1.74,Good (65-79)
21,0.0,2.6,5.4,3.3,0,87.2,8.0,2,1,0,0,9,0,59.8,0.2985,8.7,1.8,Average (50-64)
24,1.0,4.2,3.0,2.1,0,73.0,6.5,0,4,1,0,2,0,64.2,0.8219,5.1,1.25,Average (50-64)
19,0.0,2.0,0.8,2.6,0,95.8,6.0,2,0,0,0,4,0,45.2,0.5865,3.4,1.0,Low (<50)
23,1.0,4.0,1.8,3.4,0,87.1,8.1,2,1,1,0,9,1,82.9,0.7678,5.2,1.81,Excellent (≥80)
17,1.0,4.6,3.7,0.6,0,87.0,5.9,2,3,0,1,4,1,73.2,1.0673,4.3,1.29,Good (65-79)
17,1.0,5.3,5.0,1.8,0,84.9,4.8,0,2,0,1,8,0,79.6,0.7783,6.8,1.48,Good (65-79)
19,0.0,3.3,0.6,1.2,1,79.8,5.9,2,2,0,2,10,0,73.0,1.8232,1.8,1.79,Good (65-79)
19,0.0,3.2,0.2,0.1,1,87.2,7.2,2,4,0,1,3,0,72.6,10.3226,0.3,1.42,Good (65-79)
24,0.0,2.2,4.7,2.2,0,89.8,8.2,2,0,0,0,3,0,45.2,0.3184,6.9,1.12,Low (<50)
24,1.0,2.3,3.0,4.6,0,67.5,6.6,1,3,1,1,9,0,51.8,0.3022,7.6,1.86,Average (50-64)
19,0.0,3.2,1.5,0.0,0,79.6,8.1,2,5,1,2,10,0,92.0,2.1192,1.5,2.31,Excellent (≥80)
20,1.0,4.1,3.1,1.8,0,82.5,4.9,1,4,0,2,8,0,77.8,0.835,4.9,1.69,Good (65-79)
24,1.0,4.9,0.0,2.5,1,87.6,6.0,1,5,2,1,1,0,97.2,1.9522,2.5,1.2,Excellent (≥80)
22,0.0,2.3,2.5,1.9,1,96.9,6.2,1,4,1,2,10,1,71.9,0.5215,4.4,2.02,Good (65-79)
24,1.0,5.7,2.9,1.7,0,77.3,6.4,2,0,2,2,2,1,69.1,1.2364,4.6,0.84,Good (65-79)
17,1.0,3.1,3.6,0.4,0,80.0,6.6,0,3,1,2,3,1,59.6,0.7731,4.0,1.26,Average (50-64)
24,1.0,3.5,1.3,2.1,0,79.9,7.3,1,0,1,2,2,0,60.4,1.0264,3.4,0.93,Average (50-64)
20,1.0,2.4,2.6,1.0,0,77.0,6.0,2,2,0,2,3,1,48.3,0.6648,3.6,1.1,Low (<50)
19,1.0,0.0,1.4,0.0,0,81.5,6.7,2,5,0,2,8,1,50.1,0.0,1.4,1.97,Average (50-64)
17,0.0,4.8,2.8,3.1,0,92.7,6.4,1,1,0,2,6,0,74.9,0.8122,5.9,1.34,Good (65-79)
24,1.0,4.6,1.4,2.9,1,74.5,5.4,2,6,1,1,7,1,85.6,1.0673,4.3,1.84,Excellent (≥80)
20,0.0,3.1,2.0,1.9,0,89.3,6.4,2,2,0,2,10,1,65.4,0.7928,3.9,1.84,Good (65-79)
22,0.0,3.6,1.3,2.1,0,68.0,6.3,0,2,1,2,10,1,82.4,1.0557,3.4,1.83,Excellent (≥80)
24,1.0,4.3,3.3,3.0,0,79.4,6.3,1,5,0,0,6,1,67.3,0.6815,6.3,1.73,Good (65-79)
20,1.0,1.2,3.5,2.0,0,81.7,6.5,0,4,1,2,1,0,34.3,0.2178,5.5,1.15,Low (<50)
22,1.0,2.7,2.2,2.8,0,100.0,6.6,1,2,0,1,3,0,53.0,0.5389,5.0,1.16,Average (50-64)
19,0.0,4.7,2.5,1.5,0,82.3,6.0,1,6,0,1,1,0,78.0,1.1721,4.0,1.3,Good (65-79)
24,1.0,1.6,0.8,3.2,1,63.0,8.0,2,3,0,2,10,0,58.2,0.399,4.0,2.1,Average (50-64)
22,0.0,3.9,2.1,2.2,0,65.0,5.1,2,2,0,1,9,0,73.7,0.9049,4.3,1.61,Good (65-79)
17,1.0,1.5,2.4,2.0,1,85.3,5.6,0,3,0,1,9,0,60.3,0.3401,4.4,1.76,Average (50-64)
19,0.0,4.2,5.6,0.4,0,91.1,9.8,0,0,1,0,5,1,78.7,0.6988,6.0,1.48,Good (65-79)
17,1.0,3.4,1.2,2.1,1,88.8,5.3,1,4,0,1,4,1,68.3,1.0272,3.3,1.33,Good (65-79)
21,1.0,1.1,4.3,0.9,0,86.7,4.9,1,3,0,1,9,0,49.9,0.2111,5.2,1.69,Low (<50)
18,0.0,5.2,3.7,1.1,0,96.6,7.4,1,2,1,1,9,1,100.0,1.0811,4.8,1.84,Excellent (≥80)
24,0.0,2.4,2.8,0.9,0,79.6,4.0,2,4,0,1,3,1,54.7,0.6469,3.7,1.1,Average (50-64)
22,1.0,2.3,4.6,0.6,0,93.9,6.2,2,6,2,2,5,0,58.7,0.4415,5.2,1.72,Average (50-64)
18,0.0,3.8,2.9,4.1,1,68.7,9.1,1,4,2,2,3,0,70.8,0.5421,7.0,1.61,Good (65-79)
18,0.0,5.2,3.0,3.3,0,76.0,4.6,2,3,0,0,10,1,87.1,0.8241,6.3,1.76,Excellent (≥80)
22,0.0,2.0,2.4,3.9,0,66.9,4.1,1,3,0,2,2,1,29.898,0.317,6.3,0.91,Low (<50)
19,0.0,3.6,4.0,0.5,0,82.3,4.7,2,1,0,0,1,0,53.2,0.7982,4.5,0.67,Average (50-64)
24,1.0,4.1,3.8,1.9,1,84.5,7.6,1,1,1,0,10,0,73.0,0.718,5.7,1.86,Good (65-79)
21,1.0,4.5,1.7,0.4,0,86.1,7.8,0,4,1,0,2,1,71.1,2.1327,2.1,1.38,Good (65-79)
17,1.0,3.8,0.9,1.0,0,85.6,5.9,2,5,1,2,8,0,80.9,1.9895,1.9,1.89,Excellent (≥80)
20,0.0,2.9,2.3,0.8,1,75.7,7.3,1,5,1,2,8,0,75.1,0.9325,3.1,2.03,Good (65-79)
17,0.0,2.3,1.5,3.2,0,83.1,8.2,2,1,0,1,3,0,52.4,0.4883,4.7,1.22,Average (50-64)
20,1.0,3.6,2.4,1.4,0,70.0,8.6,1,2,1,1,7,0,67.6,0.9449,3.8,1.76,Good (65-79)
17,1.0,1.9,4.0,3.0,0,98.6,6.2,0,0,1,1,7,1,35.7,0.271,7.0,1.32,Low (<50)
22,0.0,0.0,2.0,2.5,0,82.0,3.7,0,4,1,1,2,0,29.9,0.0,4.5,0.97,Low (<50)
21,,4.2,2.4,4.3,0,80.1,5.5,1,0,2,2,9,0,70.7,0.6259,6.7,1.45,Good (65-79)
24,0.0,4.9,2.6,0.2,0,100.0,6.0,2,1,1,1,3,1,89.3,1.7438,2.8,1.0,Excellent (≥80)
20,1.0,0.0,3.5,3.2,0,72.6,6.2,1,3,0,2,2,0,29.898,0.0,6.7,1.12,Low (<50)
24,1.0,2.0,0.0,3.1,0,73.7,6.3,2,6,0,1,3,1,58.3,0.6431,3.1,1.53,Average (50-64)
24,1.0,4.4,1.8,0.7,0,74.0,7.8,2,4,0,2,2,1,78.4,1.753,2.5,1.38,Good (65-79)
24,0.0,6.6,2.8,2.9,0,84.3,8.0,2,1,0,2,8,0,100.0,1.1559,5.7,1.7,Excellent (≥80)
23,1.0,3.5,3.9,2.2,0,89.3,6.3,1,2,2,1,5,1,66.8,0.5728,6.1,1.33,Good (65-79)
19,0.0,2.4,1.9,1.5,0,92.4,7.8,2,6,0,2,3,0,63.8,0.7038,3.4,1.68,Average (50-64)
17,1.0,3.2,0.2,0.9,0,100.0,6.9,1,4,1,2,5,0,76.1,2.8829,1.1,1.59,Good (65-79)
24,0.0,5.6,3.2,1.0,0,62.5,6.6,1,4,1,1,8,0,82.7,1.3302,4.2,1.86,Excellent (≥80)
17,0.0,2.5,1.7,4.1,0,91.1,7.6,0,5,0,1,7,0,65.0,0.4303,5.8,1.96,Good (65-79)
24,0.0,2.3,1.1,1.8,1,79.4,6.6,1,3,2,2,6,0,66.8,0.7904,2.9,1.56,Good (65-79)
20,1.0,2.8,1.8,2.7,0,79.1,9.0,0,4,2,1,1,1,64.9,0.6208,4.5,1.4,Average (50-64)
19,1.0,2.1,2.3,0.9,0,78.8,4.8,2,3,1,0,10,0,63.1,0.6542,3.2,1.78,Average (50-64)
19,1.0,3.7,1.8,0.9,1,75.9,5.9,1,1,0,1,1,0,56.3,1.3653,2.7,0.79,Average (50-64)
22,0.0,5.9,0.0,3.0,0,100.0,6.3,1,2,0,2,1,1,93.6,1.9601,3.0,0.93,Excellent (≥80)
23,0.0,4.0,3.6,0.3,0,93.4,7.0,2,6,0,2,10,1,91.9,1.023,3.9,2.3,Excellent (≥80)
22,0.0,3.1,4.0,1.3,0,85.2,8.0,1,6,0,2,8,1,74.0,0.5838,5.3,2.2,Good (65-79)
22,0.0,3.1,3.3,1.8,0,98.5,6.5,1,2,1,1,8,0,62.7,0.6067,5.1,1.65,Average (50-64)
22,0.0,1.2,1.1,1.9,0,69.9,4.8,0,4,2,0,7,0,58.6,0.3987,3.0,1.58,Average (50-64)
22,1.0,4.8,2.3,1.6,1,71.7,7.5,2,4,1,2,6,0,89.3,1.2276,3.9,1.75,Excellent (≥80)
22,0.0,3.4,2.5,2.2,0,63.2,7.4,0,1,2,2,4,0,63.4,0.7219,4.7,1.24,Average (50-64)
21,1.0,3.2,3.2,2.6,1,78.0,4.2,1,5,1,0,1,0,46.7,0.5508,5.8,1.02,Low (<50)
19,1.0,8.3,3.3,2.6,1,86.6,6.5,1,5,0,1,9,0,100.0,1.4044,5.9,2.05,Excellent (≥80)
22,0.0,3.9,1.6,0.7,1,86.0,4.6,2,5,2,0,1,0,68.7,1.6883,2.3,1.06,Good (65-79)
24,1.0,2.4,2.6,1.5,0,86.5,5.7,2,3,0,2,4,0,58.9,0.5839,4.1,1.27,Average (50-64)
19,1.0,2.9,3.0,3.1,0,70.9,5.4,2,5,2,2,3,0,59.0,0.4746,6.1,1.34,Average (50-64)
19,0.0,5.2,4.2,2.8,1,93.0,7.5,0,2,0,2,7,0,77.9,0.7418,7.0,1.65,Good (65-79)
18,1.0,3.7,3.3,0.3,1,87.4,6.6,1,6,0,2,5,0,72.3,1.0249,3.6,1.76,Good (65-79)
21,0.0,1.3,3.4,2.2,0,92.3,5.0,1,6,2,0,5,0,49.7,0.2317,5.6,1.6,Low (<50)
22,1.0,4.9,2.6,0.0,1,66.1,7.6,0,3,1,2,4,0,80.9,1.8774,2.6,1.46,Excellent (≥80)
17,1.0,2.5,4.2,1.9,1,88.1,4.8,1,1,2,2,1,0,44.5,0.4092,6.1,0.68,Low (<50)
20,1.0,6.3,3.0,3.9,1,73.1,6.9,1,2,2,1,5,0,85.3,0.9117,6.9,1.39,Excellent (≥80)
23,1.0,5.1,1.5,0.8,0,81.0,5.5,1,6,0,2,4,0,83.2,2.2078,2.3,1.55,Excellent (≥80)
24,0.0,2.8,4.2,0.9,0,90.3,6.1,2,2,1,1,10,0,59.7,0.5479,5.1,1.81,Average (50-64)
17,1.0,5.4,3.3,2.6,0,85.9,7.1,1,6,0,2,8,0,98.1,0.9137,5.9,2.11,Excellent (≥80)
21,0.0,3.6,2.0,0.1,0,76.5,7.1,2,0,1,2,2,1,66.8,1.7062,2.1,0.91,Good (65-79)
20,1.0,4.8,1.9,1.1,0,85.1,8.1,1,1,1,2,8,1,96.1,1.5947,3.0,1.71,Excellent (≥80)
21,0.0,4.2,2.9,2.5,0,69.7,6.4,1,1,0,2,1,0,60.4,0.7763,5.4,0.84,Average (50-64)
24,0.0,2.2,3.1,1.1,0,96.5,6.9,1,0,1,0,4,0,33.8,0.5226,4.2,1.09,Low (<50)
19,0.0,2.5,2.7,1.5,0,82.9,6.0,0,3,1,1,3,0,56.1,0.5938,4.2,1.2,Average (50-64)
20,1.0,5.0,2.9,2.6,0,96.2,6.7,0,6,0,1,5,0,80.6,0.9074,5.5,1.77,Excellent (≥80)
19,1.0,3.0,4.5,2.3,1,79.7,7.0,1,6,1,2,5,0,52.6,0.4405,6.8,1.8,Average (50-64)
24,1.0,2.9,3.8,2.1,0,79.8,6.4,2,6,1,2,5,1,52.1,0.4907,5.9,1.74,Average (50-64)
17,0.0,2.1,2.7,1.4,0,77.4,4.3,2,5,2,2,4,1,39.9,0.5109,4.1,1.33,Low (<50)
24,1.0,4.1,3.6,2.2,0,93.8,6.9,0,5,0,0,8,0,84.0,0.7057,5.8,1.99,Excellent (≥80)
17,0.0,6.6,1.3,1.7,0,77.9,6.9,2,5,0,2,3,1,97.7,2.1927,3.0,1.49,Excellent (≥80)
20,0.0,1.9,3.0,2.3,0,91.4,5.7,2,5,1,2,4,0,43.3,0.3578,5.3,1.47,Low (<50)
20,1.0,3.5,4.7,1.3,1,81.2,5.0,2,5,0,2,1,0,55.9,0.5824,6.0,1.1,Average (50-64)
22,0.0,5.6,2.2,1.6,0,65.2,8.3,2,0,2,0,7,0,84.6,1.4698,3.8,1.53,Excellent (≥80)
21,1.0,3.4,1.5,0.7,0,79.3,7.1,1,1,0,0,1,0,67.0,1.5385,2.2,0.91,Good (65-79)
22,1.0,4.2,1.7,1.8,0,73.2,6.2,1,3,1,0,2,0,76.0,1.1966,3.5,1.12,Good (65-79)
21,0.0,1.9,1.2,0.9,0,85.3,5.1,1,2,1,2,7,1,56.9,0.9005,2.1,1.41,Average (50-64)
22,0.0,4.1,1.6,0.6,0,73.1,5.5,1,5,0,2,1,0,77.5,1.8552,2.2,1.15,Good (65-79)
19,0.0,3.2,2.1,2.1,0,94.3,8.1,1,0,0,2,3,0,69.4,0.7601,4.2,1.11,Good (65-79)
20,1.0,5.0,0.8,2.0,0,84.1,6.7,1,6,1,1,6,1,94.6,1.7794,2.8,1.87,Excellent (≥80)
17,1.0,5.3,2.5,2.7,1,83.2,5.8,2,3,1,1,6,1,93.4,1.0173,5.2,1.48,Excellent (≥80)
21,0.0,7.4,3.6,1.3,0,91.6,7.1,2,3,0,2,6,1,100.0,1.5071,4.9,1.61,Excellent (≥80)
24,0.0,4.4,1.4,2.2,0,94.6,5.5,2,3,2,2,2,1,63.6,1.2188,3.6,1.05,Average (50-64)
21,0.0,4.0,4.3,2.4,0,84.8,8.3,2,0,0,2,2,0,53.0,0.5961,6.7,1.03,Average (50-64)
17,1.0,3.8,3.1,2.3,0,77.3,8.1,2,2,0,2,6,0,67.8,0.7024,5.4,1.61,Good (65-79)
22,0.0,3.0,3.7,0.9,0,67.3,5.9,0,5,1,1,10,0,73.9,0.6508,4.6,2.09,Good (65-79)
21,1.0,4.0,1.7,2.0,0,78.1,5.7,1,3,0,2,5,0,66.5,1.0782,3.7,1.37,Good (65-79)
23,1.0,3.1,3.5,2.2,0,78.8,3.4,1,0,2,2,7,0,49.9,0.5429,5.7,1.04,Low (<50)
19,0.0,3.8,1.2,1.8,0,86.1,4.7,2,6,0,1,7,0,73.9,1.2625,3.0,1.77,Good (65-79)
20,1.0,5.5,3.6,0.0,0,81.5,4.9,1,1,0,1,5,0,80.3,1.5235,3.6,1.09,Excellent (≥80)
17,0.0,2.0,2.7,2.0,0,91.9,6.7,2,6,0,1,8,0,71.7,0.4246,4.7,2.07,Good (65-79)
20,1.0,5.2,3.2,4.2,1,78.9,6.1,0,0,1,0,10,0,83.3,0.7018,7.4,1.61,Excellent (≥80)
23,1.0,5.5,1.1,1.4,0,84.4,4.9,1,0,1,2,6,0,84.5,2.1912,2.5,1.09,Excellent (≥80)
21,0.0,3.3,1.4,1.0,0,96.8,6.2,2,0,1,0,5,0,74.9,1.3693,2.4,1.12,Good (65-79)
21,0.0,0.3,3.2,2.2,0,88.4,7.1,0,3,0,1,4,1,34.0,0.0555,5.4,1.41,Low (<50)
24,0.0,2.6,1.4,2.1,1,84.4,7.1,1,0,0,1,7,0,63.0,0.7407,3.5,1.41,Average (50-64)
23,0.0,5.4,3.1,3.1,0,79.0,4.2,1,1,1,2,4,0,77.9,0.8696,6.2,0.92,Good (65-79)
17,0.0,3.5,0.9,0.4,0,78.7,6.3,1,3,0,1,5,1,72.9,2.6718,1.3,1.43,Good (65-79)
24,0.0,2.0,3.5,2.6,0,76.5,4.8,2,6,2,2,5,0,53.2,0.3273,6.1,1.58,Average (50-64)
19,0.0,2.7,1.0,2.4,0,79.6,7.6,1,1,0,0,1,0,57.3,0.7918,3.4,0.96,Average (50-64)
24,1.0,4.8,3.2,1.6,0,92.6,7.4,1,4,1,0,1,1,76.6,0.9979,4.8,1.24,Good (65-79)
18,0.0,4.3,3.3,2.2,0,82.8,5.4,0,6,0,1,3,0,64.6,0.7804,5.5,1.44,Average (50-64)
17,1.0,3.1,1.7,2.9,1,71.5,5.6,2,0,1,1,3,1,51.1,0.6725,4.6,0.86,Average (50-64)
18,,2.9,3.2,2.8,0,100.0,5.9,1,5,0,1,2,0,63.0,0.4825,6.0,1.29,Average (50-64)
23,0.0,2.9,2.8,0.5,0,88.2,3.8,2,5,0,0,2,1,61.6,0.8761,3.3,1.08,Average (50-64)
22,1.0,2.1,1.9,2.7,1,70.9,6.9,2,3,0,2,6,0,62.5,0.4555,4.6,1.59,Average (50-64)
18,0.0,5.9,1.3,1.7,0,80.6,6.2,1,5,0,2,1,1,87.1,1.9601,3.0,1.22,Excellent (≥80)
19,0.0,3.0,0.1,1.9,0,86.1,7.7,2,6,0,0,6,1,82.5,1.4925,2.0,1.97,Excellent (≥80)
24,1.0,5.3,2.9,1.9,0,100.0,5.2,2,3,1,0,5,1,80.9,1.1019,4.8,1.32,Excellent (≥80)
22,0.0,5.8,0.6,1.6,0,73.9,5.8,1,6,1,2,6,0,100.0,2.6244,2.2,1.78,Excellent (≥80)
24,0.0,5.0,2.6,3.1,0,94.8,4.7,0,0,1,2,5,0,79.6,0.8757,5.7,0.97,Good (65-79)
18,1.0,2.9,2.2,1.7,1,99.0,5.3,2,2,1,1,7,0,71.2,0.7417,3.9,1.43,Good (65-79)
24,0.0,4.1,3.3,0.6,1,78.7,5.1,2,2,1,2,1,0,62.7,1.0486,3.9,0.81,Average (50-64)
23,1.0,3.5,2.1,1.4,0,82.2,7.7,1,1,0,2,3,0,64.2,0.9972,3.5,1.17,Average (50-64)
22,0.0,2.1,2.1,2.0,0,74.6,5.7,1,0,0,2,6,1,44.1,0.5109,4.1,1.17,Low (<50)
23,,4.0,3.4,3.2,0,83.0,6.6,2,5,0,1,1,0,61.7,0.6051,6.6,1.26,Average (50-64)
18,0.0,1.7,2.9,2.5,0,84.6,6.0,2,0,1,1,7,1,39.9,0.3142,5.4,1.3,Low (<50)
23,1.0,5.3,2.9,0.9,0,91.6,5.0,2,4,0,0,4,0,84.1,1.3911,3.8,1.3,Excellent (≥80)
19,0.0,2.8,3.1,4.5,0,95.9,6.3,1,2,0,2,3,0,40.7,0.3679,7.6,1.13,Low (<50)
18,0.0,3.8,0.7,2.1,0,77.5,7.2,2,5,1,2,10,0,81.8,1.3523,2.8,2.22,Excellent (≥80)
18,1.0,3.9,3.4,3.2,0,65.3,5.1,1,6,0,1,9,1,77.0,0.59,6.6,2.01,Good (65-79)
18,0.0,3.1,3.2,1.6,0,84.8,7.5,1,6,2,2,1,0,65.7,0.6445,4.8,1.45,Good (65-79)
17,1.0,4.4,1.3,2.4,0,87.9,5.5,2,2,2,2,8,1,80.9,1.186,3.7,1.55,Excellent (≥80)
24,0.0,2.8,2.2,2.7,0,87.5,5.9,2,0,0,2,1,1,47.4,0.5703,4.9,0.69,Low (<50)
17,1.0,4.8,2.5,3.1,1,81.7,7.1,1,5,0,2,5,1,83.0,0.8556,5.6,1.71,Excellent (≥80)
17,1.0,1.5,2.3,3.0,0,86.2,5.7,1,1,0,2,10,0,54.2,0.2825,5.3,1.67,Average (50-64)
19,1.0,3.7,2.9,2.8,0,100.0,6.5,2,6,1,1,8,0,82.5,0.648,5.7,2.05,Excellent (≥80)
22,0.0,6.4,4.2,1.5,1,88.8,6.1,1,0,0,2,6,0,85.0,1.1208,5.7,1.21,Excellent (≥80)
24,1.0,2.0,3.8,1.2,0,81.3,6.7,2,1,1,2,7,1,40.4,0.3992,5.0,1.47,Low (<50)
23,0.0,2.5,0.9,2.2,1,80.0,3.6,2,5,1,1,8,0,58.9,0.8039,3.1,1.66,Average (50-64)
21,1.0,4.3,3.2,2.8,0,83.3,4.3,0,2,0,0,6,0,67.5,0.7155,6.0,1.23,Good (65-79)
18,1.0,3.8,4.1,1.6,0,100.0,7.2,2,4,0,2,6,1,81.0,0.6655,5.7,1.72,Excellent (≥80)
23,0.0,4.0,3.0,3.0,0,83.2,7.7,2,3,1,1,6,1,74.7,0.6656,6.0,1.67,Good (65-79)
18,0.0,4.2,3.8,3.4,1,84.8,5.4,2,2,0,2,5,0,67.4,0.5825,7.2,1.24,Good (65-79)
19,1.0,4.5,4.9,0.8,0,80.2,6.2,2,1,1,0,8,0,72.2,0.7881,5.7,1.52,Good (65-79)
18,0.0,5.2,3.7,0.9,0,96.0,6.9,2,0,0,0,2,0,77.1,1.128,4.6,0.89,Good (65-79)
17,0.0,4.1,2.8,1.6,0,100.0,7.3,0,6,1,1,7,0,87.9,0.9297,4.4,2.03,Excellent (≥80)
24,0.0,3.1,3.8,2.1,0,89.5,4.1,1,5,2,1,4,1,54.1,0.5245,5.9,1.31,Average (50-64)
21,1.0,4.5,2.7,1.2,1,85.8,5.4,2,2,2,2,1,1,62.9,1.1509,3.9,0.84,Average (50-64)
20,1.0,6.3,2.5,3.3,0,85.4,6.1,1,6,0,2,5,0,95.6,1.0843,5.8,1.71,Excellent (≥80)
18,0.0,3.3,2.1,2.3,0,61.2,7.3,0,6,0,0,3,0,67.1,0.7483,4.4,1.63,Good (65-79)
23,1.0,2.0,4.4,1.8,0,92.5,9.5,2,4,1,1,4,0,51.5,0.3221,6.2,1.75,Average (50-64)
17,0.0,5.2,1.5,0.2,1,86.3,6.2,2,5,0,1,7,0,97.9,3.0409,1.7,1.82,Excellent (≥80)
20,0.0,3.3,4.3,0.4,1,89.3,4.8,0,1,0,1,5,0,67.0,0.7006,4.7,1.08,Good (65-79)
21,0.0,0.2,3.1,2.1,1,77.9,7.0,2,5,2,2,4,1,31.5,0.0384,5.2,1.6,Low (<50)
20,0.0,4.8,0.8,0.0,0,81.2,8.1,2,5,0,1,1,0,88.0,5.9259,0.8,1.41,Excellent (≥80)
17,,2.7,2.9,2.9,0,80.9,6.6,1,0,0,0,6,0,53.4,0.4647,5.8,1.26,Average (50-64)
24,1.0,3.4,0.0,1.6,0,95.2,5.4,2,3,0,1,10,1,83.4,2.1118,1.6,1.84,Excellent (≥80)
24,0.0,4.0,3.3,5.4,0,81.2,7.6,1,6,1,0,6,0,79.0,0.4592,8.7,1.96,Good (65-79)
22,1.0,3.8,3.6,4.3,0,100.0,7.3,0,1,1,0,7,1,69.9,0.4804,7.9,1.53,Good (65-79)
24,1.0,4.6,1.8,1.6,0,89.3,5.3,1,0,0,1,1,1,60.1,1.349,3.4,0.63,Average (50-64)
22,0.0,2.8,2.6,1.7,0,72.2,7.0,1,6,0,2,4,0,70.3,0.6497,4.3,1.7,Good (65-79)
20,0.0,4.3,4.8,2.9,1,83.7,7.7,1,3,0,2,9,0,79.8,0.5577,7.7,1.97,Good (65-79)
19,,3.1,1.9,3.7,0,78.5,7.9,2,0,1,2,10,1,66.6,0.5526,5.6,1.79,Good (65-79)
23,0.0,4.6,1.2,0.0,0,63.1,6.4,2,3,0,1,6,0,91.7,3.8017,1.2,1.54,Excellent (≥80)
23,1.0,4.4,4.3,0.0,1,100.0,6.1,1,3,2,1,2,0,70.1,1.0209,4.3,1.11,Good (65-79)
20,1.0,2.1,4.9,1.1,0,92.0,8.0,2,3,0,1,4,0,61.5,0.3494,6.0,1.5,Average (50-64)
18,0.0,5.1,2.5,2.4,0,90.3,5.0,0,0,2,2,6,0,79.3,1.0387,4.9,1.1,Good (65-79)
18,1.0,2.7,3.7,2.3,0,86.7,7.0,0,5,0,2,4,1,63.9,0.4493,6.0,1.6,Average (50-64)
24,1.0,4.7,4.1,3.0,0,71.2,4.9,2,3,1,0,10,1,93.1,0.661,7.1,1.79,Excellent (≥80)
23,1.0,4.1,1.6,0.5,0,80.2,7.8,0,5,0,0,7,1,89.8,1.9431,2.1,1.98,Excellent (≥80)
23,1.0,6.3,1.9,0.0,0,93.4,6.2,1,6,0,2,3,1,100.0,3.2984,1.9,1.52,Excellent (≥80)
22,1.0,3.2,4.0,2.7,0,74.5,8.0,2,6,2,2,6,1,61.8,0.4769,6.7,2.0,Average (50-64)
19,1.0,3.0,4.5,0.9,0,59.7,7.1,1,1,2,2,4,1,51.5,0.5545,5.4,1.21,Average (50-64)
17,1.0,3.5,3.2,0.0,0,82.7,5.0,2,4,0,2,3,0,60.4,1.0903,3.2,1.2,Average (50-64)
18,1.0,3.0,1.4,2.0,0,83.6,8.2,1,5,1,2,3,0,67.2,0.8798,3.4,1.62,Good (65-79)
23,,4.7,4.9,2.7,0,86.4,8.4,0,6,1,1,2,0,89.6,0.6176,7.6,1.64,Excellent (≥80)
22,1.0,1.1,1.9,1.7,0,92.3,7.6,1,4,2,2,3,1,48.3,0.3047,3.6,1.46,Low (<50)
21,1.0,1.9,2.1,1.3,0,91.4,5.6,1,3,0,2,10,0,61.7,0.5572,3.4,1.86,Average (50-64)
22,0.0,1.9,2.9,1.6,1,87.6,6.1,1,4,1,2,1,1,44.4,0.4213,4.5,1.11,Low (<50)
18,1.0,4.9,4.4,1.4,1,97.0,6.7,1,4,0,1,3,0,77.2,0.8434,5.8,1.37,Good (65-79)
18,0.0,6.1,3.5,0.3,1,69.8,5.7,2,3,0,1,9,1,100.0,1.601,3.8,1.77,Excellent (≥80)
22,0.0,3.3,3.0,1.0,0,90.0,8.5,2,5,2,1,4,0,73.0,0.8229,4.0,1.75,Good (65-79)
17,1.0,3.2,3.1,2.4,0,91.3,6.7,1,3,0,1,3,0,68.5,0.5808,5.5,1.27,Good (65-79)
20,1.0,3.6,2.6,2.2,0,72.6,3.3,1,1,0,2,8,0,61.0,0.7484,4.8,1.23,Average (50-64)
18,0.0,5.2,3.2,2.0,0,70.0,6.9,1,2,1,0,1,1,70.5,0.9981,5.2,0.99,Good (65-79)
22,0.0,2.1,0.0,0.7,0,77.5,6.1,2,0,1,1,5,0,52.5,2.9577,0.7,1.11,Average (50-64)
23,1.0,3.9,2.1,1.6,0,78.4,6.4,2,3,0,2,1,0,62.8,1.0512,3.7,1.04,Average (50-64)
22,0.0,5.0,2.8,0.0,1,92.5,6.1,1,3,0,0,7,1,83.5,1.7794,2.8,1.61,Excellent (≥80)
19,1.0,4.3,1.1,2.0,0,78.9,7.5,2,4,2,1,5,0,71.4,1.3826,3.1,1.65,Good (65-79)
20,,3.8,3.0,3.4,0,76.4,7.8,1,1,0,1,2,0,61.5,0.5928,6.4,1.08,Average (50-64)
21,1.0,5.0,2.3,0.2,0,78.9,6.8,0,6,1,2,1,0,75.4,1.992,2.5,1.38,Good (65-79)
17,0.0,0.0,4.6,1.2,0,96.2,6.1,0,6,1,1,7,0,42.0,0.0,5.8,1.91,Low (<50)
24,0.0,4.5,4.4,2.2,0,85.1,6.5,1,4,0,2,1,0,64.0,0.6808,6.6,1.15,Average (50-64)
21,0.0,2.5,1.9,3.2,1,83.2,6.5,1,5,2,1,3,0,60.1,0.4892,5.1,1.45,Average (50-64)
20,0.0,0.8,2.3,1.3,1,83.9,5.5,0,3,1,2,6,0,34.7,0.2216,3.6,1.45,Low (<50)
20,1.0,4.3,2.4,1.0,1,97.9,7.2,2,3,0,1,6,0,88.0,1.261,3.4,1.62,Excellent (≥80)
20,1.0,5.6,2.0,0.0,0,77.5,7.1,1,4,1,1,7,0,100.0,2.7861,2.0,1.81,Excellent (≥80)
21,1.0,3.3,2.7,1.9,0,98.2,8.3,1,3,1,0,1,0,66.1,0.7158,4.6,1.23,Good (65-79)
23,1.0,4.9,1.6,4.0,0,87.1,8.0,1,5,1,0,7,0,95.5,0.8734,5.6,2.0,Excellent (≥80)
20,0.0,5.9,1.1,2.1,1,83.4,5.7,0,2,2,1,2,1,86.4,1.838,3.2,0.97,Excellent (≥80)
22,1.0,5.5,3.2,1.8,0,100.0,7.5,1,0,0,0,6,0,77.3,1.0978,5.0,1.35,Good (65-79)
21,1.0,6.0,3.3,2.2,0,74.4,5.4,1,0,0,1,8,1,90.2,1.0889,5.5,1.34,Excellent (≥80)
24,,4.6,1.5,1.8,0,81.5,7.3,1,0,0,2,5,1,80.2,1.3897,3.3,1.23,Excellent (≥80)
20,0.0,3.6,3.6,0.9,0,72.7,5.9,0,2,0,1,10,1,72.9,0.7982,4.5,1.79,Good (65-79)
22,0.0,1.1,1.7,2.7,0,94.5,5.3,1,3,0,1,3,0,35.8,0.2494,4.4,1.13,Low (<50)
23,,3.1,2.8,2.0,0,100.0,6.8,0,4,2,2,8,1,72.8,0.6445,4.8,1.88,Good (65-79)
19,1.0,2.2,3.5,1.8,0,100.0,3.3,2,6,1,2,8,0,67.6,0.4143,5.3,1.73,Good (65-79)
23,1.0,6.8,2.5,0.7,0,97.2,4.4,2,1,1,0,4,0,93.1,2.1184,3.2,0.94,Excellent (≥80)
24,0.0,3.2,3.0,3.2,0,83.0,6.3,0,3,1,1,8,1,57.5,0.5153,6.2,1.73,Average (50-64)
20,0.0,3.7,1.9,2.5,0,81.3,6.6,1,2,1,2,5,1,61.1,0.839,4.4,1.36,Average (50-64)
24,1.0,4.3,2.3,1.2,0,68.3,6.1,0,5,0,0,5,0,77.4,1.2251,3.5,1.61,Good (65-79)
21,0.0,3.6,2.3,2.9,0,100.0,4.6,1,2,2,2,3,0,69.6,0.691,5.2,0.96,Good (65-79)
18,1.0,6.0,1.6,1.3,0,89.7,5.5,1,6,0,0,7,0,100.0,2.0619,2.9,1.85,Excellent (≥80)
20,1.0,2.6,2.3,0.9,0,80.1,7.0,1,0,2,2,9,0,69.3,0.81,3.2,1.6,Good (65-79)
18,0.0,3.8,0.6,1.0,0,98.3,7.2,1,3,1,1,9,0,85.7,2.3602,1.6,1.92,Excellent (≥80)
22,0.0,2.4,1.9,0.0,0,75.3,6.5,2,6,0,2,1,0,53.9,1.2565,1.9,1.35,Average (50-64)
19,0.0,1.5,2.2,2.3,0,89.1,7.9,1,0,1,1,1,0,43.7,0.3326,4.5,0.89,Low (<50)
17,1.0,2.6,2.2,0.0,0,83.3,7.0,1,1,1,2,10,0,79.3,1.1765,2.2,1.8,Good (65-79)
24,0.0,3.4,2.2,0.4,0,91.4,5.6,1,5,0,0,5,0,71.3,1.3027,2.6,1.56,Good (65-79)
23,1.0,2.9,2.4,0.0,0,84.4,6.2,2,0,1,1,1,1,61.4,1.2033,2.4,0.72,Average (50-64)
19,1.0,2.5,3.1,1.7,0,70.5,4.8,2,1,0,2,4,0,45.1,0.5198,4.8,0.98,Low (<50)
20,0.0,1.4,3.5,1.6,0,85.8,6.4,1,2,0,1,1,0,39.8,0.274,5.1,0.94,Low (<50)
18,0.0,3.4,1.7,1.4,0,95.5,7.8,2,0,2,2,2,0,70.7,1.0932,3.1,0.98,Good (65-79)
23,0.0,1.2,1.1,0.7,0,84.7,7.3,1,0,1,1,2,1,35.6,0.663,1.8,0.93,Low (<50)
18,0.0,4.6,1.2,0.5,0,92.8,8.2,2,4,2,2,4,0,93.0,2.6901,1.7,1.62,Excellent (≥80)
21,0.0,3.6,1.9,2.3,0,74.5,6.1,2,5,1,1,8,1,83.2,0.8551,4.2,1.91,Excellent (≥80)
18,0.0,1.3,2.1,1.2,0,84.7,8.1,0,5,0,2,2,1,46.6,0.3927,3.3,1.51,Low (<50)
21,1.0,3.0,1.6,2.1,0,78.8,6.3,2,6,1,2,9,1,70.8,0.8086,3.7,2.13,Good (65-79)
22,1.0,2.4,0.9,0.8,0,92.5,8.3,1,2,1,1,9,0,78.3,1.4035,1.7,1.93,Good (65-79)
23,1.0,4.0,2.0,2.0,0,85.3,6.5,1,4,2,2,2,1,70.7,0.9975,4.0,1.25,Good (65-79)
23,1.0,5.5,2.7,3.2,1,91.9,7.3,1,6,0,2,1,0,82.6,0.9306,5.9,1.43,Excellent (≥80)
17,0.0,0.7,3.2,2.4,0,95.9,8.3,2,1,2,1,10,1,50.3,0.1248,5.6,1.93,Average (50-64)
20,0.0,3.7,1.8,1.3,0,91.9,6.3,1,6,2,2,10,0,80.9,1.1897,3.1,2.23,Excellent (≥80)
21,1.0,3.3,2.0,2.1,0,87.7,6.8,0,1,1,0,9,1,75.4,0.8029,4.1,1.68,Good (65-79)
17,1.0,4.5,1.4,1.5,0,75.0,8.0,2,2,2,2,2,1,83.7,1.5464,2.9,1.2,Excellent (≥80)
18,0.0,3.8,2.5,1.8,0,85.0,6.3,0,5,0,1,8,0,76.8,0.8817,4.3,1.93,Good (65-79)
18,1.0,2.4,1.5,1.4,0,79.7,4.9,0,1,2,0,3,0,45.8,0.8247,2.9,0.89,Low (<50)
17,0.0,3.0,3.2,1.6,0,81.6,9.1,1,2,1,1,1,1,58.4,0.6237,4.8,1.21,Average (50-64)
23,0.0,2.3,0.4,2.0,0,81.3,5.9,1,6,0,2,1,1,70.3,0.9544,2.4,1.29,Good (65-79)
18,0.0,5.1,2.1,0.7,1,75.2,6.7,1,1,2,2,10,1,99.4,1.8149,2.8,1.77,Excellent (≥80)
24,0.0,3.5,2.9,0.7,0,65.4,7.9,0,3,0,2,2,0,62.9,0.9695,3.6,1.29,Average (50-64)
22,0.0,6.4,2.7,0.3,1,78.3,5.8,2,0,0,1,7,0,98.0,2.1262,3.0,1.28,Excellent (≥80)
22,1.0,3.4,5.7,0.0,0,86.9,5.3,2,6,1,0,6,0,74.7,0.5954,5.7,1.73,Good (65-79)
24,0.0,2.4,2.9,0.5,0,71.5,6.8,1,5,0,2,2,1,50.4,0.7038,3.4,1.38,Average (50-64)
17,0.0,1.2,1.3,2.0,0,85.2,4.3,1,6,0,2,4,0,49.4,0.3625,3.3,1.43,Low (<50)
24,1.0,0.8,2.4,0.8,0,100.0,6.2,1,3,1,1,2,1,35.3,0.2492,3.2,1.12,Low (<50)
21,0.0,1.1,0.4,2.4,1,95.2,6.8,2,2,0,1,1,1,46.3,0.3915,2.8,0.98,Low (<50)
21,0.0,3.9,2.4,1.8,0,100.0,6.2,0,2,0,1,3,0,68.4,0.9264,4.2,1.12,Good (65-79)
17,0.0,4.3,1.5,0.0,0,88.9,4.6,0,6,0,1,4,0,84.2,2.8477,1.5,1.46,Excellent (≥80)
24,0.0,1.1,3.6,2.5,0,96.7,8.4,2,3,0,2,10,1,54.6,0.18,6.1,2.14,Average (50-64)
21,0.0,4.8,1.8,2.7,0,77.8,6.6,1,6,1,1,5,0,88.0,1.0643,4.5,1.76,Excellent (≥80)
23,0.0,2.8,2.4,0.7,0,78.6,8.2,1,0,1,2,5,0,61.5,0.9003,3.1,1.32,Average (50-64)
24,0.0,3.7,1.7,2.3,1,57.6,6.2,2,0,2,1,7,0,75.7,0.9227,4.0,1.32,Good (65-79)
23,0.0,5.9,4.6,0.9,0,96.9,5.4,2,4,1,1,10,0,100.0,1.0708,5.5,1.94,Excellent (≥80)
21,0.0,4.8,2.1,1.9,0,100.0,6.8,1,1,0,2,8,0,82.6,1.197,4.0,1.58,Excellent (≥80)
22,0.0,3.1,4.7,0.4,0,79.5,6.2,2,4,2,2,9,0,71.5,0.6067,5.1,1.92,Good (65-79)
21,0.0,2.2,3.5,0.0,0,82.5,5.1,0,0,1,1,7,0,57.6,0.6268,3.5,1.21,Average (50-64)
23,1.0,0.3,3.1,1.4,1,77.5,8.3,2,3,1,2,5,0,36.1,0.0665,4.5,1.63,Low (<50)
19,0.0,2.4,2.9,1.7,0,88.8,5.8,1,1,1,1,9,1,67.4,0.5206,4.6,1.58,Good (65-79)
20,0.0,3.2,3.0,1.4,1,96.2,4.3,2,3,2,2,8,0,74.8,0.7256,4.4,1.53,Good (65-79)
18,1.0,2.0,0.2,0.5,0,67.6,8.1,2,4,1,1,10,1,73.6,2.8169,0.7,2.21,Good (65-79)
24,0.0,3.3,2.2,1.4,0,89.1,5.9,2,2,0,2,9,1,79.5,0.9141,3.6,1.69,Good (65-79)
19,1.0,3.6,3.5,2.1,0,82.2,5.8,2,3,1,0,10,0,62.5,0.6417,5.6,1.88,Average (50-64)
21,1.0,3.2,2.4,1.8,0,86.1,4.4,1,4,0,1,8,1,76.3,0.7601,4.2,1.64,Good (65-79)
22,0.0,2.5,0.8,2.0,0,89.6,8.6,1,4,0,2,6,0,75.6,0.8897,2.8,1.86,Good (65-79)
17,1.0,3.8,2.4,1.1,0,83.1,5.0,1,4,0,2,4,0,64.4,1.0826,3.5,1.3,Average (50-64)
21,0.0,4.2,4.5,3.1,0,84.0,6.6,2,2,0,1,9,0,75.3,0.5519,7.6,1.76,Good (65-79)
22,0.0,1.9,4.0,0.5,1,82.9,7.6,2,2,0,1,9,1,50.4,0.4213,4.5,1.86,Average (50-64)
20,0.0,5.6,2.4,2.3,0,94.7,7.0,1,6,0,1,10,1,100.0,1.189,4.7,2.3,Excellent (≥80)
21,1.0,3.4,3.6,3.1,0,89.2,6.4,2,2,1,2,10,0,76.4,0.5067,6.7,1.84,Good (65-79)
23,1.0,3.5,2.1,2.3,0,87.2,4.5,2,1,1,2,9,0,69.9,0.7937,4.4,1.45,Good (65-79)
17,0.0,4.6,0.5,1.6,0,72.3,5.5,2,2,2,2,10,1,88.9,2.1801,2.1,1.75,Excellent (≥80)
22,,3.8,1.4,1.2,0,81.2,6.7,2,2,0,1,3,1,70.4,1.4559,2.6,1.17,Good (65-79)
22,0.0,4.9,4.4,2.9,0,94.0,5.6,1,2,1,2,3,0,69.4,0.6703,7.3,1.06,Good (65-79)
22,1.0,3.9,2.2,0.2,0,85.4,6.7,0,3,2,1,6,1,84.9,1.6183,2.4,1.57,Excellent (≥80)
20,0.0,2.6,2.2,0.7,0,91.6,7.3,0,2,0,0,6,0,63.6,0.8935,2.9,1.53,Average (50-64)
21,0.0,4.0,2.1,1.4,0,100.0,7.7,1,1,1,2,6,0,82.2,1.1396,3.5,1.47,Excellent (≥80)
20,0.0,1.8,4.8,3.2,0,95.4,5.0,2,4,1,2,5,0,37.4,0.2247,8.0,1.4,Low (<50)
24,1.0,3.7,4.5,2.2,0,85.9,9.1,2,3,0,2,5,0,73.8,0.5514,6.7,1.71,Good (65-79)
18,0.0,3.5,5.2,0.7,1,79.9,7.4,2,0,2,2,2,1,53.4,0.5922,5.9,0.94,Average (50-64)
18,0.0,3.2,2.3,1.5,0,59.5,6.5,2,2,1,2,7,0,64.2,0.8399,3.8,1.55,Average (50-64)
24,,3.3,2.9,1.1,0,83.3,7.8,0,6,0,2,4,0,70.4,0.8229,4.0,1.78,Good (65-79)
21,1.0,0.7,0.7,1.0,0,81.7,9.3,0,6,0,1,3,0,51.5,0.4094,1.7,1.83,Average (50-64)
23,0.0,2.7,4.3,2.9,0,88.9,4.8,0,4,0,1,8,0,53.4,0.3745,7.2,1.68,Average (50-64)
20,0.0,3.6,1.1,0.3,1,83.5,6.2,1,4,0,2,4,0,77.2,2.5532,1.4,1.42,Good (65-79)
17,1.0,3.7,2.8,3.6,0,81.8,3.6,1,3,1,2,4,1,59.8,0.5772,6.4,1.06,Average (50-64)
22,0.0,2.0,1.2,2.7,0,67.2,6.7,0,6,1,1,8,0,55.4,0.5115,3.9,2.07,Average (50-64)
22,0.0,5.4,1.8,3.0,1,75.6,6.9,1,0,0,1,1,0,69.9,1.1227,4.8,0.79,Good (65-79)
21,1.0,2.2,1.5,1.3,1,89.8,6.5,0,5,2,1,9,0,71.6,0.7829,2.8,2.05,Good (65-79)
23,1.0,5.0,1.8,1.6,0,100.0,5.7,2,6,0,0,7,0,92.9,1.4663,3.4,1.87,Excellent (≥80)
18,0.0,4.1,1.9,0.2,0,84.0,4.0,1,6,0,2,2,0,72.4,1.9431,2.1,1.2,Good (65-79)
18,1.0,2.5,1.8,1.2,1,88.3,6.9,1,1,0,1,6,0,70.5,0.8306,3.0,1.39,Good (65-79)
22,0.0,6.2,3.5,2.3,0,94.5,8.2,1,5,1,2,8,0,100.0,1.0671,5.8,2.12,Excellent (≥80)
21,1.0,1.7,1.2,3.2,0,76.9,5.8,2,4,0,1,5,1,37.4,0.3855,4.4,1.48,Low (<50)
20,0.0,4.9,2.8,0.6,0,88.7,7.0,1,5,0,1,6,0,88.7,1.437,3.4,1.8,Excellent (≥80)
18,1.0,5.0,4.0,1.4,0,77.6,4.6,1,6,0,0,10,0,88.6,0.9242,5.4,2.06,Excellent (≥80)
20,0.0,2.5,1.9,1.6,0,93.6,7.0,2,4,1,2,8,0,68.5,0.7123,3.5,1.9,Good (65-79)
23,,5.6,1.6,0.3,0,86.5,6.0,1,5,2,2,6,0,100.0,2.9319,1.9,1.7,Excellent (≥80)
18,,3.1,2.2,2.5,0,88.0,5.6,2,4,0,2,9,0,66.9,0.6582,4.7,1.86,Good (65-79)
18,0.0,3.9,3.9,1.0,0,77.2,5.6,1,4,0,0,9,0,71.5,0.7943,4.9,1.86,Good (65-79)
19,1.0,3.9,2.7,1.6,0,92.1,6.0,1,3,1,1,9,0,77.8,0.9049,4.3,1.8,Good (65-79)
18,0.0,3.3,1.9,1.3,0,100.0,7.0,0,0,1,0,6,1,67.7,1.028,3.2,1.3,Good (65-79)
24,1.0,4.7,3.1,0.9,0,74.9,4.9,2,4,0,1,9,1,96.4,1.1721,4.0,1.79,Excellent (≥80)
17,1.0,4.7,1.2,1.8,0,81.6,6.0,1,1,2,2,3,0,83.1,1.5615,3.0,1.0,Excellent (≥80)
24,1.0,0.9,3.3,1.6,1,87.3,6.5,0,6,1,2,5,0,37.9,0.1833,4.9,1.75,Low (<50)
21,0.0,5.5,3.0,1.4,0,92.9,5.2,1,6,0,2,2,1,76.3,1.2472,4.4,1.32,Good (65-79)
21,0.0,1.0,2.1,1.0,0,79.4,8.7,1,1,1,1,8,1,52.6,0.3215,3.1,1.77,Average (50-64)
20,0.0,5.0,1.5,2.2,0,56.7,5.5,0,2,2,1,4,0,83.6,1.3477,3.7,1.15,Excellent (≥80)
24,1.0,5.2,1.4,3.6,0,98.6,5.7,2,4,1,1,6,0,92.0,1.0379,5.0,1.57,Excellent (≥80)
24,1.0,1.9,3.1,2.0,0,92.6,5.3,2,4,0,0,6,0,53.2,0.3718,5.1,1.53,Average (50-64)
24,,2.9,4.0,2.9,0,67.6,8.7,0,4,0,2,5,1,56.4,0.4197,6.9,1.77,Average (50-64)
23,1.0,1.8,1.7,0.3,0,78.9,7.2,1,5,0,2,1,0,58.1,0.8955,2.0,1.32,Average (50-64)
18,1.0,3.2,3.1,2.0,0,100.0,5.4,2,4,0,1,7,0,70.9,0.6262,5.1,1.64,Good (65-79)
17,1.0,3.0,0.0,0.6,1,99.5,7.8,1,4,1,1,10,0,98.7,4.918,0.6,2.18,Excellent (≥80)
20,0.0,4.7,1.8,0.2,1,94.4,6.7,1,1,1,2,8,0,83.3,2.3383,2.0,1.57,Excellent (≥80)
24,0.0,5.5,2.5,1.0,0,83.2,6.8,1,0,1,2,1,1,80.6,1.567,3.5,0.78,Excellent (≥80)
24,1.0,5.6,1.4,3.1,0,85.8,6.1,2,0,2,2,10,0,91.3,1.2417,4.5,1.61,Excellent (≥80)
19,1.0,2.7,1.4,2.8,0,83.7,5.6,2,2,0,1,7,1,63.5,0.6413,4.2,1.46,Average (50-64)
20,0.0,3.2,1.7,2.1,1,96.3,6.9,2,1,2,1,4,1,66.3,0.8399,3.8,1.19,Good (65-79)
24,0.0,1.0,2.9,0.1,0,76.2,5.8,0,4,1,2,6,0,49.9,0.3322,3.0,1.58,Low (<50)
20,1.0,2.3,2.3,1.6,1,76.9,8.7,1,0,0,2,9,0,68.9,0.5882,3.9,1.77,Good (65-79)
18,0.0,4.9,0.0,2.1,1,95.1,5.0,2,3,1,1,5,0,94.2,2.3223,2.1,1.3,Excellent (≥80)
19,1.0,5.9,0.0,2.0,1,84.6,8.3,0,3,0,2,8,0,100.0,2.9353,2.0,1.93,Excellent (≥80)
20,1.0,1.6,1.8,0.0,0,98.8,6.4,2,3,1,2,5,0,58.6,0.884,1.8,1.44,Average (50-64)
17,0.0,2.6,3.0,0.8,0,78.3,6.9,2,4,1,1,2,0,53.2,0.6824,3.8,1.29,Average (50-64)
17,1.0,3.5,0.0,1.7,0,84.5,7.5,0,4,0,1,4,1,70.5,2.0468,1.7,1.55,Good (65-79)
21,0.0,3.9,1.9,2.4,0,75.8,5.7,2,2,1,1,2,0,64.0,0.9049,4.3,0.97,Average (50-64)
19,1.0,2.3,1.9,0.0,1,85.1,7.5,1,6,1,0,7,1,77.4,1.2042,1.9,2.05,Good (65-79)
19,1.0,4.1,4.2,1.6,0,70.2,3.3,2,2,0,2,7,0,57.4,0.7057,5.8,1.23,Average (50-64)
21,,2.8,2.0,2.0,0,80.1,5.6,1,2,0,1,3,1,59.9,0.6983,4.0,1.06,Average (50-64)
20,1.0,3.5,3.0,2.7,0,70.6,5.4,1,5,0,2,7,0,66.7,0.613,5.7,1.74,Good (65-79)
19,0.0,4.3,2.7,2.6,1,91.9,5.0,2,3,1,2,1,0,58.4,0.8098,5.3,0.9,Average (50-64)
17,1.0,3.5,0.0,2.4,0,92.2,6.2,2,4,2,0,1,0,63.6,1.4523,2.4,1.12,Average (50-64)
17,1.0,2.8,3.4,0.9,0,67.7,7.0,0,3,2,1,9,0,62.6,0.6497,4.3,1.9,Average (50-64)
24,1.0,3.3,2.8,0.0,0,98.3,7.3,1,2,1,2,6,0,70.6,1.1744,2.8,1.53,Good (65-79)
18,0.0,3.4,3.1,1.4,0,100.0,6.8,0,4,1,2,5,0,75.2,0.7539,4.5,1.58,Good (65-79)
19,1.0,2.9,7.2,2.9,1,85.5,5.7,1,1,0,2,6,0,50.1,0.2868,10.1,1.27,Average (50-64)
20,0.0,3.1,0.0,3.3,0,78.6,6.9,1,0,1,1,6,0,72.8,0.9366,3.3,1.29,Good (65-79)
21,1.0,5.9,4.6,2.6,1,100.0,6.6,1,0,0,1,1,1,72.7,0.8183,7.2,0.76,Good (65-79)
21,,4.3,2.2,2.3,0,71.8,7.6,1,2,0,2,5,1,76.0,0.9534,4.5,1.46,Good (65-79)
20,1.0,3.1,2.8,2.2,0,85.2,7.4,0,6,1,2,9,1,74.1,0.6188,5.0,2.24,Good (65-79)
23,0.0,4.5,2.4,1.2,1,86.8,6.5,0,3,0,1,4,1,79.0,1.2465,3.6,1.35,Good (65-79)
22,0.0,3.0,2.0,1.7,0,98.5,5.4,0,1,1,2,3,0,51.3,0.8086,3.7,0.94,Average (50-64)
18,0.0,5.3,1.8,3.6,0,88.6,5.7,1,4,1,1,1,1,71.0,0.9797,5.4,1.07,Good (65-79)
21,0.0,4.1,2.9,0.8,1,80.0,5.8,2,6,0,2,2,1,76.4,1.1051,3.7,1.38,Good (65-79)
19,0.0,3.3,0.7,3.6,0,75.5,6.1,0,3,0,2,3,1,52.6,0.7657,4.3,1.21,Average (50-64)
18,0.0,4.2,3.4,1.4,0,81.6,6.8,2,2,2,1,4,0,74.0,0.8732,4.8,1.28,Good (65-79)
19,1.0,1.1,2.0,3.3,0,74.9,7.4,2,3,1,2,7,0,42.6,0.2072,5.3,1.74,Low (<50)
23,1.0,1.8,1.1,0.3,0,85.5,6.4,2,2,0,1,6,0,49.8,1.2766,1.4,1.44,Low (<50)
17,0.0,1.7,2.0,2.4,0,79.4,6.5,2,5,0,1,8,0,45.7,0.3855,4.4,1.95,Low (<50)
18,0.0,3.7,4.0,1.0,0,70.1,6.7,2,0,1,0,9,1,77.2,0.7385,5.0,1.57,Good (65-79)
24,0.0,6.1,1.9,0.2,0,97.6,5.9,0,6,1,0,6,0,98.5,2.891,2.1,1.79,Excellent (≥80)
21,0.0,6.8,2.9,2.0,0,80.0,5.4,1,0,0,1,7,0,96.2,1.3849,4.9,1.24,Excellent (≥80)
18,1.0,4.5,1.6,2.9,1,72.3,4.4,2,3,0,2,4,1,71.3,0.9978,4.5,1.14,Good (65-79)
18,1.0,4.3,3.4,0.9,0,83.3,5.7,1,1,2,2,2,0,59.2,0.9977,4.3,0.87,Average (50-64)
18,0.0,0.8,3.3,0.2,0,85.7,7.1,2,4,1,0,9,0,51.8,0.2279,3.5,2.01,Average (50-64)
22,1.0,2.7,4.7,1.7,1,67.5,5.7,0,2,2,2,9,0,59.3,0.4212,6.4,1.67,Average (50-64)
18,1.0,2.3,2.3,1.7,0,88.3,6.2,2,4,1,2,4,0,58.5,0.5736,4.0,1.42,Average (50-64)
19,0.0,2.6,3.3,2.4,0,74.5,7.1,1,0,2,2,3,1,44.5,0.4553,5.7,1.01,Low (<50)
17,1.0,3.2,2.6,2.8,0,100.0,7.1,1,1,0,2,10,1,75.4,0.5915,5.4,1.81,Good (65-79)
23,0.0,2.8,4.1,1.7,1,90.2,5.2,1,1,1,1,6,1,54.9,0.4819,5.8,1.22,Average (50-64)
20,1.0,0.5,1.6,3.8,1,81.0,7.7,2,4,0,1,3,1,30.2,0.0924,5.4,1.47,Low (<50)
18,0.0,4.6,3.4,2.0,0,77.5,7.9,2,0,1,2,1,1,71.8,0.8503,5.4,0.89,Good (65-79)
21,1.0,1.9,2.3,1.4,0,84.0,5.1,1,4,0,0,4,0,51.8,0.5121,3.7,1.31,Average (50-64)
18,1.0,3.9,2.4,0.0,1,91.1,5.5,2,3,0,0,1,1,59.5,1.6183,2.4,0.95,Average (50-64)
21,1.0,6.6,2.6,1.5,0,84.7,7.9,1,1,2,0,2,0,96.6,1.6058,4.1,1.09,Excellent (≥80)
19,1.0,2.1,2.8,1.4,1,82.8,6.3,0,1,2,1,3,0,44.1,0.4988,4.2,1.03,Low (<50)
21,1.0,0.0,2.4,2.9,0,85.6,3.8,0,3,0,1,8,0,30.5,0.0,5.3,1.48,Low (<50)
24,1.0,3.1,2.8,2.3,0,79.0,4.8,0,0,1,1,10,0,63.7,0.6067,5.1,1.48,Average (50-64)
20,0.0,5.2,4.4,0.5,0,81.6,6.2,1,1,0,0,4,0,74.0,1.0591,4.9,1.12,Good (65-79)
17,1.0,6.4,3.7,2.0,0,64.1,5.1,1,6,0,2,4,0,98.8,1.1208,5.7,1.51,Excellent (≥80)
21,0.0,1.7,3.5,2.5,0,94.7,6.0,2,5,1,2,10,0,53.0,0.2829,6.0,2.1,Average (50-64)
21,0.0,4.2,2.0,3.5,0,88.0,6.5,2,5,0,1,9,0,84.6,0.7623,5.5,2.05,Excellent (≥80)
17,0.0,2.8,1.4,2.8,0,77.3,8.3,0,5,2,0,7,0,73.0,0.6651,4.2,2.03,Good (65-79)
20,1.0,3.3,3.6,2.6,0,100.0,6.2,1,2,0,0,2,1,57.1,0.5314,6.2,1.02,Average (50-64)
18,0.0,7.5,3.6,1.9,1,85.9,7.8,1,6,1,1,3,0,100.0,1.3612,5.5,1.68,Excellent (≥80)
21,1.0,1.2,4.3,2.2,0,74.6,8.2,1,2,1,1,4,0,36.2,0.1843,6.5,1.42,Low (<50)
17,1.0,3.9,1.8,3.2,0,93.6,8.2,0,0,0,1,4,0,65.6,0.7784,5.0,1.22,Good (65-79)
24,,4.2,2.2,0.3,1,89.0,6.8,0,3,0,2,10,1,87.5,1.6733,2.5,1.98,Excellent (≥80)
24,1.0,5.1,0.5,1.4,0,88.9,4.1,2,4,1,1,8,0,100.0,2.6702,1.9,1.61,Excellent (≥80)
19,0.0,3.6,2.0,1.0,1,80.7,7.1,2,6,1,1,10,0,85.6,1.196,3.0,2.31,Excellent (≥80)
17,0.0,4.0,3.7,2.2,0,89.5,7.8,0,0,0,1,10,1,89.4,0.6768,5.9,1.78,Excellent (≥80)
19,0.0,2.9,1.9,3.2,0,82.4,6.4,1,4,1,2,6,0,66.9,0.5675,5.1,1.64,Good (65-79)
24,0.0,3.9,3.3,1.1,1,90.6,8.6,1,0,0,2,3,0,56.0,0.8844,4.4,1.16,Average (50-64)
20,1.0,3.0,2.3,0.0,0,66.0,7.5,2,2,0,2,9,0,77.9,1.2987,2.3,1.85,Good (65-79)
18,1.0,4.4,2.9,1.3,0,80.7,7.2,1,5,0,2,10,0,91.3,1.0451,4.2,2.22,Excellent (≥80)
17,0.0,2.9,1.1,2.8,0,100.0,7.8,0,3,0,1,8,0,68.4,0.7417,3.9,1.88,Good (65-79)
23,1.0,4.1,2.6,2.4,0,77.3,6.9,2,2,1,1,9,0,85.3,0.8184,5.0,1.79,Excellent (≥80)
24,1.0,3.5,0.0,2.3,0,79.0,3.5,1,3,1,2,5,1,64.4,1.5152,2.3,1.15,Average (50-64)
24,1.0,5.2,2.3,1.5,0,80.5,5.9,1,6,2,0,3,0,82.8,1.3648,3.8,1.49,Excellent (≥80)
23,1.0,3.4,0.5,0.4,0,72.9,7.9,1,4,1,2,4,0,78.0,3.7363,0.9,1.59,Good (65-79)
22,1.0,0.8,3.9,2.4,0,62.9,5.5,1,0,2,2,5,0,31.5,0.1268,6.3,1.05,Low (<50)
24,1.0,5.4,3.4,0.9,0,82.7,6.2,1,1,1,2,9,0,92.3,1.2529,4.3,1.62,Excellent (≥80)
21,0.0,2.1,3.1,4.2,0,86.4,5.2,1,1,1,0,9,1,50.1,0.2873,7.3,1.52,Average (50-64)
20,0.0,2.5,4.3,2.4,0,84.5,8.6,1,3,2,2,3,0,49.4,0.3726,6.7,1.46,Low (<50)
17,0.0,2.6,1.4,1.2,0,83.6,8.5,0,5,1,1,7,0,80.3,0.9962,2.6,2.05,Excellent (≥80)
23,1.0,5.6,4.6,1.1,0,85.4,5.4,2,5,0,0,6,1,89.7,0.9807,5.7,1.64,Excellent (≥80)
21,1.0,0.3,3.6,1.7,0,95.2,6.7,0,3,1,1,4,1,33.6,0.0565,5.3,1.37,Low (<50)
23,1.0,8.2,2.2,1.5,0,83.1,5.7,0,2,2,2,5,1,100.0,2.2102,3.7,1.27,Excellent (≥80)
17,0.0,5.1,3.9,3.0,0,79.3,7.2,2,1,1,1,10,0,90.6,0.7381,6.9,1.82,Excellent (≥80)
19,0.0,3.8,1.2,2.0,0,82.2,7.1,2,2,1,1,2,1,66.3,1.1838,3.2,1.11,Good (65-79)
17,1.0,3.4,1.5,1.0,0,90.8,7.5,2,4,1,0,7,1,86.1,1.3546,2.5,1.85,Excellent (≥80)
22,0.0,3.9,1.8,3.9,0,99.1,6.9,1,1,2,2,4,0,65.5,0.683,5.7,1.19,Good (65-79)
17,1.0,4.3,1.9,1.9,0,78.7,10.0,1,4,0,2,2,0,82.9,1.1286,3.8,1.6,Excellent (≥80)
17,0.0,4.5,1.2,2.6,0,86.0,5.3,2,0,1,2,6,1,76.3,1.1811,3.8,1.13,Good (65-79)
22,0.0,4.3,4.0,1.1,1,88.4,4.4,2,2,0,1,2,1,59.0,0.8415,5.1,0.84,Average (50-64)
20,0.0,3.6,2.2,2.2,0,75.1,6.0,1,3,1,1,10,1,76.1,0.8163,4.4,1.9,Good (65-79)
24,0.0,3.2,2.9,2.1,0,85.2,4.6,2,1,1,2,2,1,40.3,0.6387,5.0,0.76,Low (<50)
17,0.0,3.3,1.8,0.0,0,70.3,4.7,0,2,0,1,7,1,65.2,1.8232,1.8,1.37,Good (65-79)
22,1.0,3.2,0.3,4.0,1,67.3,5.3,2,3,0,2,1,0,43.9,0.7425,4.3,0.93,Low (<50)
21,0.0,5.2,2.8,3.2,0,88.7,5.4,2,0,1,2,7,1,89.5,0.8652,6.0,1.24,Excellent (≥80)
19,1.0,4.4,0.2,1.4,0,81.2,5.4,2,1,0,1,10,0,80.7,2.7329,1.6,1.64,Excellent (≥80)
19,0.0,0.0,2.4,0.6,1,87.0,7.1,2,4,0,1,5,0,53.0,0.0,3.0,1.61,Average (50-64)
17,0.0,4.5,0.9,2.2,0,84.8,5.9,2,0,1,2,1,0,70.6,1.4469,3.1,0.69,Good (65-79)
20,0.0,3.8,4.9,1.9,0,75.2,6.3,0,5,0,1,6,0,65.5,0.558,6.8,1.73,Good (65-79)
20,1.0,3.5,3.6,2.2,0,84.5,7.6,1,3,0,1,7,0,75.1,0.6024,5.8,1.76,Good (65-79)
21,0.0,2.9,2.6,2.0,0,72.7,5.6,0,1,2,2,1,0,43.5,0.6291,4.6,0.76,Low (<50)
17,0.0,5.2,4.0,2.4,0,98.9,6.2,1,1,0,1,9,0,80.6,0.8112,6.4,1.62,Excellent (≥80)
19,0.0,4.9,1.5,3.4,0,71.4,6.9,2,6,0,2,7,1,88.2,0.998,4.9,1.99,Excellent (≥80)
20,1.0,2.3,3.2,2.4,0,83.0,4.2,1,6,1,0,1,1,48.5,0.41,5.6,1.12,Low (<50)
17,1.0,4.1,2.7,0.6,0,74.6,3.6,1,0,1,2,3,0,67.3,1.2387,3.3,0.66,Good (65-79)
23,1.0,2.0,2.8,3.3,0,90.7,6.9,1,1,2,0,5,0,50.7,0.3273,6.1,1.29,Average (50-64)
20,1.0,1.4,4.0,3.6,0,81.7,7.1,2,3,2,0,4,0,35.4,0.184,7.6,1.41,Low (<50)
22,0.0,2.6,3.4,5.3,0,79.8,9.0,0,0,1,2,2,0,49.1,0.2985,8.7,1.1,Low (<50)
23,1.0,4.8,2.8,0.6,0,93.5,6.7,1,4,0,2,1,0,85.4,1.4076,3.4,1.17,Excellent (≥80)
24,,4.9,0.5,2.1,0,85.3,7.5,0,0,0,1,4,0,83.9,1.8774,2.6,1.15,Excellent (≥80)
20,1.0,4.3,1.3,0.0,1,90.2,6.3,2,0,0,1,7,0,90.4,3.2824,1.3,1.33,Excellent (≥80)
19,1.0,4.6,2.4,2.4,0,75.2,6.9,0,4,0,2,4,0,87.8,0.9563,4.8,1.49,Excellent (≥80)
18,0.0,4.3,2.6,1.2,0,71.0,8.5,2,5,1,1,9,0,87.5,1.1286,3.8,2.25,Excellent (≥80)
23,0.0,2.5,1.1,3.9,0,86.1,4.0,1,6,1,2,8,0,58.2,0.499,5.0,1.8,Average (50-64)
24,0.0,4.1,5.4,0.9,0,81.8,7.0,0,3,0,2,8,1,73.2,0.6498,6.3,1.8,Good (65-79)
21,0.0,4.7,4.3,0.0,0,91.3,9.1,2,5,1,2,5,0,83.5,1.0905,4.3,1.91,Excellent (≥80)
21,0.0,4.6,3.2,1.3,0,84.2,6.8,0,5,0,1,1,1,77.6,1.02,4.5,1.28,Good (65-79)
19,1.0,5.3,2.6,0.0,1,87.1,8.5,1,5,0,1,9,1,98.4,2.0307,2.6,2.25,Excellent (≥80)
20,,4.6,2.2,2.6,0,68.8,5.7,0,6,1,2,2,0,78.5,0.9563,4.8,1.37,Good (65-79)
17,,4.0,1.4,0.0,1,100.0,6.5,1,2,0,0,6,1,81.1,2.8369,1.4,1.45,Excellent (≥80)
20,0.0,5.1,2.6,1.8,0,83.4,6.5,1,6,0,1,10,0,100.0,1.1565,4.4,2.25,Excellent (≥80)
19,1.0,3.5,2.8,0.0,0,92.0,3.8,1,5,0,0,5,1,58.7,1.2456,2.8,1.38,Average (50-64)
21,0.0,2.2,1.0,1.4,0,76.6,5.1,0,2,0,0,10,0,62.6,0.9129,2.4,1.71,Average (50-64)
20,1.0,3.3,2.9,3.6,0,88.1,5.2,1,4,1,1,8,1,60.3,0.5069,6.5,1.72,Average (50-64)
21,1.0,2.4,2.3,2.2,0,72.0,7.5,2,6,2,1,3,0,63.9,0.5322,4.5,1.65,Average (50-64)
23,1.0,2.5,0.2,0.9,1,89.5,7.5,2,3,0,2,6,1,80.0,2.2523,1.1,1.65,Excellent (≥80)
24,1.0,3.3,1.5,1.8,1,81.4,6.9,1,5,0,1,6,0,62.6,0.997,3.3,1.79,Average (50-64)
17,0.0,2.3,2.0,1.8,0,85.3,7.5,1,1,1,1,10,0,71.4,0.6037,3.8,1.85,Good (65-79)
23,0.0,3.0,4.8,2.3,1,92.0,6.3,1,4,2,0,3,0,60.6,0.4219,7.1,1.33,Average (50-64)
21,0.0,0.7,3.2,0.3,1,72.7,7.9,1,2,0,2,7,1,47.2,0.1994,3.5,1.69,Low (<50)
21,1.0,3.8,0.9,2.5,0,78.2,6.5,0,6,0,1,4,1,78.1,1.1144,3.4,1.65,Good (65-79)
18,1.0,3.5,3.1,0.0,0,89.6,6.6,1,3,1,2,5,1,75.5,1.1254,3.1,1.46,Good (65-79)
18,1.0,2.3,0.6,1.1,0,100.0,6.2,1,0,1,2,9,0,73.5,1.345,1.7,1.52,Good (65-79)
23,,4.5,3.8,1.3,0,83.6,7.3,1,3,0,0,6,0,74.6,0.8806,5.1,1.63,Good (65-79)
22,1.0,4.9,1.9,2.5,0,90.9,6.0,1,3,1,1,10,0,98.7,1.1111,4.4,1.9,Excellent (≥80)
23,0.0,1.1,2.4,1.8,0,83.9,7.7,2,5,0,1,4,1,49.2,0.2613,4.2,1.67,Low (<50)
18,0.0,2.4,4.1,0.3,0,100.0,5.1,0,5,1,2,8,0,67.4,0.5442,4.4,1.81,Good (65-79)
21,1.0,2.3,1.0,0.7,0,67.5,5.2,2,6,1,2,9,0,72.5,1.345,1.7,2.02,Good (65-79)
19,0.0,2.1,0.8,2.0,0,85.9,7.3,2,6,2,2,10,1,68.4,0.7473,2.8,2.33,Good (65-79)
23,0.0,4.7,1.8,1.7,0,68.7,6.4,1,2,0,1,5,0,70.0,1.339,3.5,1.34,Good (65-79)
21,0.0,3.2,3.7,1.2,0,59.9,6.0,1,6,0,2,2,0,56.1,0.6517,4.9,1.4,Average (50-64)
19,0.0,3.1,0.7,1.3,1,88.0,7.6,1,2,0,0,6,1,81.5,1.5423,2.0,1.56,Excellent (≥80)
19,1.0,0.5,0.0,2.6,1,86.4,5.8,0,5,2,0,8,1,45.0,0.1916,2.6,1.88,Low (<50)
18,1.0,4.5,2.0,1.2,1,82.2,6.3,1,5,0,2,5,1,84.4,1.4019,3.2,1.63,Excellent (≥80)
23,0.0,1.6,3.2,1.7,0,83.9,8.2,2,1,0,2,1,0,36.8,0.3259,4.9,1.02,Low (<50)
20,0.0,3.6,3.9,4.2,0,100.0,8.3,0,1,0,0,8,1,65.6,0.4439,8.1,1.73,Good (65-79)
17,1.0,3.9,1.9,0.2,0,82.4,8.4,1,4,1,0,9,1,93.5,1.8483,2.1,2.14,Excellent (≥80)
18,0.0,5.5,2.0,0.0,0,90.1,6.2,2,5,0,0,1,0,93.7,2.7363,2.0,1.22,Excellent (≥80)
18,0.0,1.5,3.9,2.7,0,78.5,8.0,2,0,0,0,8,1,42.3,0.2269,6.6,1.6,Low (<50)
20,0.0,0.0,0.3,1.1,1,88.0,5.4,1,1,0,1,10,1,53.3,0.0,1.4,1.64,Average (50-64)
17,1.0,3.8,2.0,1.4,0,82.6,5.4,2,2,2,2,2,0,65.9,1.1144,3.4,0.94,Good (65-79)
21,0.0,6.2,2.7,0.9,0,80.9,3.7,1,3,1,2,4,1,87.9,1.7175,3.6,1.07,Excellent (≥80)
22,0.0,5.4,3.0,1.5,0,100.0,8.5,0,6,1,2,2,0,94.5,1.1973,4.5,1.65,Excellent (≥80)
23,1.0,3.8,1.9,3.6,0,96.8,5.5,1,6,2,2,2,0,77.8,0.6897,5.5,1.35,Good (65-79)
22,1.0,2.8,2.5,2.7,1,86.4,6.3,1,4,2,1,10,0,74.6,0.5374,5.2,2.03,Good (65-79)
21,,4.7,0.0,2.7,1,62.0,5.4,2,1,0,2,3,0,67.5,1.7343,2.7,0.94,Good (65-79)
24,1.0,2.0,1.7,0.2,1,81.4,7.3,0,3,2,2,8,1,66.5,1.0471,1.9,1.83,Good (65-79)
18,0.0,4.2,3.0,0.5,0,100.0,6.0,1,3,0,1,4,0,78.4,1.1966,3.5,1.3,Good (65-79)
17,0.0,4.3,1.3,0.0,0,82.7,4.9,1,1,0,2,7,0,84.9,3.2824,1.3,1.29,Excellent (≥80)
18,1.0,5.1,2.6,0.9,0,96.0,7.0,1,0,2,1,10,0,96.6,1.453,3.5,1.7,Excellent (≥80)
19,0.0,7.6,3.0,2.9,0,99.4,4.8,0,0,0,2,3,0,100.0,1.286,5.9,0.78,Excellent (≥80)
18,1.0,4.1,2.1,2.4,0,87.2,5.5,1,4,0,2,10,0,83.1,0.9091,4.5,1.95,Excellent (≥80)
18,0.0,2.7,2.7,1.6,0,76.6,4.0,2,0,0,1,3,0,36.9,0.6265,4.3,0.7,Low (<50)
21,1.0,3.5,1.3,1.8,1,60.6,4.8,1,4,1,2,2,0,60.0,1.1254,3.1,1.08,Average (50-64)
21,0.0,0.8,2.3,1.0,0,91.8,6.7,1,2,0,0,6,0,44.3,0.2417,3.3,1.47,Low (<50)
21,1.0,2.5,3.2,2.0,0,76.9,4.1,1,1,1,2,6,0,41.6,0.4798,5.2,1.11,Low (<50)
22,1.0,2.9,2.7,2.6,1,86.8,4.7,1,3,2,1,1,0,45.5,0.5461,5.3,0.87,Low (<50)
19,,2.7,1.8,0.0,0,72.5,6.5,1,4,1,0,7,0,68.2,1.4917,1.8,1.75,Good (65-79)
24,1.0,3.7,2.8,2.1,0,82.3,5.8,2,6,0,1,4,0,75.5,0.7536,4.9,1.58,Good (65-79)
24,0.0,2.3,3.4,2.8,0,85.3,8.9,2,0,2,2,3,0,40.9,0.3704,6.2,1.19,Low (<50)
21,1.0,5.2,0.0,1.3,0,87.7,8.7,1,6,0,0,8,0,100.0,3.9695,1.3,2.27,Excellent (≥80)
17,0.0,3.5,3.9,2.6,0,73.9,5.5,1,4,0,2,2,1,65.6,0.5376,6.5,1.15,Good (65-79)
22,1.0,3.5,2.1,4.9,0,97.0,7.2,2,5,0,0,9,0,75.9,0.4993,7.0,2.12,Good (65-79)
20,,3.0,3.0,1.7,1,79.0,7.4,1,4,1,2,8,1,69.8,0.6369,4.7,1.94,Good (65-79)
17,1.0,3.7,3.9,2.2,1,68.3,5.8,1,0,0,2,8,0,66.6,0.6056,6.1,1.38,Good (65-79)
23,1.0,4.7,0.9,1.0,1,83.9,4.7,1,5,0,1,3,0,84.5,2.4607,1.9,1.27,Excellent (≥80)
23,1.0,2.2,1.6,2.0,1,85.3,6.5,2,5,0,1,4,1,65.6,0.6094,3.6,1.55,Good (65-79)
17,1.0,2.5,2.2,2.3,0,86.6,6.3,1,0,0,2,2,0,46.8,0.5543,4.5,0.83,Low (<50)
21,0.0,3.0,1.6,2.0,0,98.6,6.0,2,5,1,2,2,0,67.7,0.831,3.6,1.3,Good (65-79)
20,1.0,1.5,4.6,0.7,1,82.6,7.0,2,1,1,2,4,1,45.4,0.2825,5.3,1.2,Low (<50)
20,0.0,2.3,1.5,2.0,0,83.8,5.6,1,3,1,1,6,0,57.0,0.6553,3.5,1.46,Average (50-64)
22,1.0,2.8,1.8,3.4,1,74.0,5.1,2,6,0,1,5,0,58.4,0.5374,5.2,1.61,Average (50-64)
20,1.0,4.8,2.7,2.3,0,93.2,6.6,2,1,0,2,1,1,70.8,0.9581,5.0,0.86,Good (65-79)
23,0.0,3.9,1.1,2.9,0,86.8,7.0,1,1,2,1,10,0,75.7,0.9726,4.0,1.8,Good (65-79)
19,0.0,3.8,2.0,1.5,0,80.8,5.1,0,0,0,1,1,0,55.7,1.0826,3.5,0.61,Average (50-64)
21,1.0,4.8,2.9,2.6,0,66.0,7.6,0,0,2,1,6,1,82.1,0.8711,5.5,1.36,Excellent (≥80)
20,1.0,3.3,2.1,2.1,0,99.4,4.4,1,6,0,2,3,1,71.4,0.7838,4.2,1.34,Good (65-79)
22,1.0,4.1,2.4,0.8,0,72.7,5.8,1,3,2,2,3,0,66.7,1.2773,3.2,1.18,Good (65-79)
23,0.0,3.3,1.9,2.2,0,79.1,6.2,1,4,0,1,7,0,70.9,0.8029,4.1,1.72,Good (65-79)
19,0.0,3.9,0.7,0.7,1,88.6,5.7,0,1,0,0,1,1,73.0,2.766,1.4,0.77,Good (65-79)
18,1.0,2.6,2.9,1.1,1,73.0,5.8,2,5,1,0,1,1,53.9,0.6484,4.0,1.18,Average (50-64)
18,0.0,0.0,4.6,2.0,1,70.1,8.7,1,3,1,1,10,0,43.4,0.0,6.6,2.17,Low (<50)
19,0.0,3.3,2.5,2.1,0,63.8,5.5,1,1,0,1,3,0,55.4,0.7158,4.6,0.95,Average (50-64)
23,0.0,5.6,2.8,0.5,1,92.2,9.4,1,4,1,2,8,0,100.0,1.6918,3.3,2.14,Excellent (≥80)
22,0.0,4.9,3.3,3.0,0,79.5,7.0,1,5,1,1,1,0,71.8,0.7765,6.3,1.3,Good (65-79)
19,1.0,4.9,1.0,2.4,0,100.0,6.6,1,1,0,1,10,0,89.2,1.437,3.4,1.76,Excellent (≥80)
21,1.0,5.4,4.5,1.0,0,75.1,7.1,1,2,0,2,4,0,83.9,0.98,5.5,1.31,Excellent (≥80)
21,1.0,3.6,2.7,0.1,0,75.8,9.5,0,6,0,1,9,0,89.1,1.2811,2.8,2.45,Excellent (≥80)
18,1.0,3.8,4.5,1.6,1,79.3,5.3,2,3,0,2,4,0,53.5,0.6219,6.1,1.23,Average (50-64)
20,0.0,2.6,1.6,1.3,1,87.4,5.2,2,6,1,0,10,0,72.9,0.8935,2.9,2.12,Good (65-79)
22,0.0,3.0,4.7,1.9,0,80.3,5.6,1,0,0,1,8,0,61.0,0.4539,6.6,1.36,Average (50-64)
18,1.0,4.4,3.4,1.4,0,91.1,6.5,2,1,0,2,7,0,69.1,0.9148,4.8,1.45,Good (65-79)
20,1.0,5.3,3.2,0.0,0,75.2,4.4,2,5,0,2,3,0,77.2,1.6511,3.2,1.24,Good (65-79)
20,1.0,3.3,2.8,1.4,1,71.2,6.5,0,5,1,1,7,0,71.9,0.7838,4.2,1.85,Good (65-79)
24,0.0,2.8,2.2,1.5,0,67.0,8.5,2,3,0,2,7,1,74.7,0.7547,3.7,1.85,Good (65-79)
21,1.0,3.5,3.9,2.5,1,62.8,6.7,2,3,0,2,10,0,74.5,0.546,6.4,1.97,Good (65-79)
23,0.0,4.4,2.7,1.0,0,79.8,6.1,1,6,0,1,3,0,85.4,1.186,3.7,1.51,Excellent (≥80)
17,1.0,1.3,0.1,3.6,0,82.0,5.8,0,5,2,1,2,1,44.3,0.3504,3.7,1.28,Low (<50)
23,1.0,0.1,1.2,0.0,0,78.7,7.6,0,5,0,2,9,0,53.4,0.0826,1.2,2.16,Average (50-64)
17,,2.7,2.3,3.2,1,97.4,5.5,0,5,1,1,1,1,57.4,0.49,5.5,1.15,Average (50-64)
19,,1.7,2.9,1.6,1,97.3,8.7,2,1,0,2,7,0,53.6,0.3769,4.5,1.67,Average (50-64)
21,1.0,2.7,2.4,2.7,0,81.7,8.8,1,5,0,2,4,1,58.8,0.5284,5.1,1.78,Average (50-64)
20,0.0,3.3,4.0,1.9,0,67.1,6.8,2,0,1,2,2,0,43.5,0.5584,5.9,0.88,Low (<50)
22,0.0,2.8,0.2,3.1,0,79.3,6.5,2,5,0,1,2,0,65.6,0.8459,3.3,1.35,Good (65-79)
17,0.0,5.7,2.7,1.4,0,79.0,7.7,2,0,2,1,8,1,89.8,1.3869,4.1,1.57,Excellent (≥80)
23,1.0,4.0,0.3,0.6,0,78.4,7.8,2,1,2,2,7,0,89.5,4.3956,0.9,1.58,Excellent (≥80)
20,0.0,4.0,3.4,3.4,1,78.0,5.5,0,3,1,1,7,1,68.8,0.5874,6.8,1.55,Good (65-79)
17,0.0,4.4,2.4,1.7,0,78.5,5.9,1,0,1,1,5,0,76.8,1.0706,4.1,1.09,Good (65-79)
17,0.0,1.8,3.0,2.0,0,81.1,4.9,2,1,0,1,10,0,47.5,0.3593,5.0,1.59,Low (<50)
24,1.0,5.1,1.5,3.2,0,78.6,7.0,0,5,0,0,8,1,89.3,1.0828,4.7,2.0,Excellent (≥80)
17,1.0,3.4,4.0,0.7,1,87.1,7.3,0,1,2,2,2,0,62.0,0.7219,4.7,1.03,Average (50-64)
22,1.0,4.5,3.8,2.5,0,88.6,4.9,2,5,1,1,2,1,66.1,0.7132,6.3,1.19,Good (65-79)
21,0.0,1.9,3.2,1.2,0,75.9,6.0,2,6,1,2,5,0,41.7,0.4308,4.4,1.7,Low (<50)
22,1.0,1.2,2.3,1.7,0,97.7,4.9,1,1,0,0,1,0,29.898,0.2993,4.0,0.69,Low (<50)
18,0.0,4.7,3.2,1.9,0,75.2,5.4,2,3,0,2,6,0,71.0,0.9198,5.1,1.44,Good (65-79)
20,,4.1,1.7,0.1,1,68.8,7.2,2,0,2,1,4,0,67.5,2.2652,1.8,1.12,Good (65-79)
21,1.0,2.1,3.5,0.9,0,88.8,5.6,1,6,0,2,6,0,63.4,0.4762,4.4,1.76,Average (50-64)
24,0.0,2.2,4.5,3.3,0,76.8,6.1,0,3,0,2,7,0,50.2,0.2817,7.8,1.61,Average (50-64)
21,1.0,5.2,3.8,2.8,0,88.2,4.5,2,2,0,0,3,0,72.0,0.7867,6.6,0.95,Good (65-79)
21,0.0,1.7,1.6,1.7,0,61.0,6.7,1,5,1,2,8,1,67.9,0.5136,3.3,1.97,Good (65-79)
23,1.0,6.0,2.9,2.1,1,98.9,6.4,0,0,0,1,7,0,100.0,1.1976,5.0,1.34,Excellent (≥80)
21,0.0,2.1,0.9,1.5,0,91.7,5.6,1,3,1,2,1,1,55.0,0.8714,2.4,0.96,Average (50-64)
24,0.0,4.5,3.2,3.3,1,70.0,6.3,2,0,0,2,6,1,59.9,0.6912,6.5,1.23,Average (50-64)
22,0.0,3.0,3.0,1.6,0,70.2,6.7,1,2,2,2,7,0,63.2,0.6508,4.6,1.57,Average (50-64)
21,0.0,4.4,0.3,2.1,0,100.0,5.5,1,4,1,2,4,0,84.5,1.8257,2.4,1.35,Excellent (≥80)
19,0.0,2.7,1.1,3.1,0,77.6,4.7,1,5,0,1,2,0,50.8,0.6413,4.2,1.17,Average (50-64)
20,0.0,3.3,2.2,0.9,0,76.7,8.7,2,5,1,0,10,0,94.0,1.0611,3.1,2.37,Excellent (≥80)
21,0.0,3.6,2.1,3.5,1,62.3,5.7,0,1,0,1,9,0,65.6,0.6417,5.6,1.57,Good (65-79)
20,0.0,2.0,1.0,0.1,0,81.5,6.4,1,5,0,1,7,0,61.7,1.8018,1.1,1.84,Average (50-64)
19,1.0,4.6,3.0,3.6,0,82.7,7.7,2,5,2,2,1,1,66.0,0.6959,6.6,1.37,Good (65-79)
19,0.0,2.7,2.8,1.4,1,92.2,10.0,0,3,0,1,8,0,86.9,0.6413,4.2,2.1,Excellent (≥80)
20,0.0,3.2,2.3,1.5,0,71.0,5.0,2,6,0,2,3,0,59.6,0.8399,3.8,1.4,Average (50-64)
17,0.0,2.0,1.6,0.0,0,69.8,7.0,2,5,0,1,4,0,49.1,1.2422,1.6,1.6,Low (<50)
18,1.0,0.0,3.8,1.3,1,89.5,5.7,2,5,0,1,5,0,31.1,0.0,5.1,1.57,Low (<50)
23,0.0,3.2,4.5,0.7,0,95.1,5.9,1,2,2,2,1,0,45.7,0.6142,5.2,0.89,Low (<50)
17,1.0,7.1,1.9,1.1,1,69.3,5.6,2,6,0,1,6,0,100.0,2.3588,3.0,1.76,Excellent (≥80)
17,0.0,4.7,1.8,1.6,0,95.8,5.1,2,2,2,2,10,0,81.1,1.3783,3.4,1.71,Excellent (≥80)
22,1.0,3.5,3.1,2.9,1,85.4,6.5,2,0,2,1,6,0,55.1,0.5824,6.0,1.25,Average (50-64)
23,0.0,3.1,2.1,2.0,0,95.9,4.7,0,0,0,2,2,0,53.3,0.7543,4.1,0.67,Average (50-64)
23,,3.5,2.3,2.1,0,84.3,7.6,2,5,0,0,10,1,89.1,0.7937,4.4,2.26,Excellent (≥80)
17,1.0,4.3,3.4,0.6,0,59.8,6.6,1,5,2,1,6,1,77.3,1.0723,4.0,1.76,Good (65-79)
21,,1.7,0.2,0.8,0,83.5,7.0,0,1,0,2,8,1,56.4,1.6832,1.0,1.6,Average (50-64)
22,1.0,5.2,4.1,3.8,0,95.6,5.9,1,0,0,2,6,0,76.1,0.6574,7.9,1.19,Good (65-79)
22,0.0,4.6,2.6,1.0,0,76.1,6.1,2,3,0,1,4,0,74.6,1.2742,3.6,1.31,Good (65-79)
19,0.0,4.6,2.0,3.6,1,81.1,6.8,1,5,1,1,4,0,83.0,0.82,5.6,1.58,Excellent (≥80)
24,0.0,4.2,2.4,1.5,0,83.2,5.1,1,3,1,1,9,1,85.9,1.0742,3.9,1.71,Excellent (≥80)
23,0.0,3.5,2.5,1.8,0,56.0,6.1,2,5,0,1,6,0,64.5,0.8121,4.3,1.71,Average (50-64)
17,0.0,4.5,0.4,3.0,0,100.0,5.5,1,3,0,2,8,0,91.9,1.3196,3.4,1.65,Excellent (≥80)
19,1.0,4.4,4.3,3.2,0,76.0,5.4,2,4,2,2,8,0,74.6,0.5859,7.5,1.74,Good (65-79)
20,1.0,3.0,2.5,1.7,0,90.1,4.0,1,3,1,0,7,0,70.9,0.7126,4.2,1.4,Good (65-79)
18,0.0,2.6,3.0,1.4,0,84.1,8.1,1,6,1,1,3,0,66.7,0.5896,4.4,1.71,Good (65-79)
24,0.0,3.7,3.6,1.7,0,97.6,5.7,2,0,1,2,10,1,77.4,0.6968,5.3,1.57,Good (65-79)
24,0.0,5.8,1.3,2.2,1,89.1,7.9,2,5,0,1,1,1,99.0,1.6524,3.5,1.39,Excellent (≥80)
24,0.0,1.6,3.1,2.8,0,82.7,7.8,1,0,1,2,5,1,43.5,0.2707,5.9,1.28,Low (<50)
22,1.0,1.3,2.2,1.8,0,76.1,5.0,2,6,0,0,10,0,53.4,0.3242,4.0,2.1,Average (50-64)
20,0.0,3.7,3.5,2.5,0,93.0,5.2,0,6,0,2,10,1,81.0,0.6156,6.0,2.12,Excellent (≥80)
24,1.0,3.6,0.0,3.6,0,66.3,9.6,1,3,1,1,2,0,66.2,0.9972,3.6,1.46,Good (65-79)
20,0.0,3.8,2.4,2.2,1,91.5,8.6,1,2,0,2,10,0,88.0,0.8243,4.6,2.06,Excellent (≥80)
21,1.0,3.9,1.8,2.1,0,74.0,6.5,0,2,2,1,2,0,64.4,0.9974,3.9,1.05,Average (50-64)
24,1.0,3.2,3.0,0.1,0,97.5,6.8,1,6,0,1,7,0,82.4,1.0289,3.1,1.98,Excellent (≥80)
18,1.0,5.7,3.1,0.0,1,86.6,5.7,1,2,2,2,3,1,80.9,1.8328,3.1,1.07,Excellent (≥80)
20,1.0,1.1,1.7,2.2,0,91.4,7.0,0,5,2,0,8,0,59.6,0.2813,3.9,2.0,Average (50-64)
20,0.0,2.3,1.6,1.7,1,85.8,5.6,1,1,0,1,9,0,56.2,0.6949,3.3,1.56,Average (50-64)
18,1.0,3.3,2.4,1.2,0,67.5,4.1,1,4,1,1,8,1,72.5,0.9141,3.6,1.61,Good (65-79)
24,1.0,1.0,1.4,2.1,1,76.4,4.9,1,3,0,1,6,0,47.6,0.2849,3.5,1.39,Low (<50)
18,1.0,3.2,3.5,1.7,0,91.7,6.5,2,1,2,2,5,0,63.6,0.6142,5.2,1.25,Average (50-64)
20,1.0,6.0,2.1,3.0,0,86.7,5.1,2,2,0,2,3,0,85.3,1.1742,5.1,1.01,Excellent (≥80)
18,1.0,3.5,0.0,1.9,0,96.8,6.4,1,3,1,0,3,0,71.8,1.8325,1.9,1.24,Good (65-79)
20,1.0,3.8,2.1,1.0,0,89.0,5.2,2,1,0,2,7,0,70.9,1.2219,3.1,1.32,Good (65-79)
20,0.0,1.6,1.3,2.9,0,75.3,5.6,2,0,0,1,5,0,41.7,0.38,4.2,1.06,Low (<50)
21,0.0,2.6,0.5,1.6,0,77.0,7.5,1,2,0,2,6,1,76.1,1.2322,2.1,1.55,Good (65-79)
17,0.0,2.9,1.0,2.4,1,86.0,6.8,0,1,0,1,6,1,65.9,0.8504,3.4,1.38,Good (65-79)
20,1.0,3.0,2.6,1.3,0,61.9,6.5,2,5,1,2,9,1,64.4,0.7673,3.9,2.05,Average (50-64)
24,1.0,5.4,4.1,1.1,1,100.0,7.6,1,0,1,1,1,0,69.7,1.0365,5.2,0.86,Good (65-79)
19,0.0,4.3,2.9,1.9,0,89.4,7.1,2,2,1,1,8,0,74.9,0.894,4.8,1.71,Good (65-79)
